time,angle,time,speed,time,accelerator position,time,brake position
120.001220096,-6.9,120.013100032,46.68125,120.013590016,7,120.0135900160,0
120.011209984,-6.9,120.032850176,46.68125,120.113960192,7,120.1139601920,0
120.021220096,-6.9,120.053090048,46.75,120.41371008,10,120.4137100800,0
120.031220224,-6.9,120.073090048,46.81875,120.513960192,11,120.5139601920,0
120.041220096,-6.9,120.093090048,46.68125,120.61446016,11,120.6144601600,0
120.051209984,-6.9,120.112830208,46.54375,120.71408,11,120.7140800000,0
120.061210112,-6.9,120.133090048,46.54375,120.813960192,10,120.8139601920,0
120.071220224,-6.9,120.153090048,46.68125,121.01371008,4,121.0137100800,0
120.081220096,-6.8,120.172840192,46.75,121.114579968,3,121.1145799680,0
120.091219968,-6.8,120.192830208,46.75,121.21483008,2,121.2148300800,0
120.101210112,-6.8,120.213210112,46.75,121.514700032,8,121.5147000320,0
120.111209984,-6.8,120.233090048,46.75,121.814330112,8,121.8143301120,0
120.121220096,-6.8,120.252840192,46.68125,122.115330048,9,122.1153300480,0
120.131219968,-6.8,120.273090048,46.68125,122.21419008,8,122.2141900800,0
120.141220096,-6.8,120.293080064,46.6125,122.314700032,7,122.3147000320,0
120.151209984,-6.7,120.312840192,46.75,122.51494016,4,122.5149401600,0
120.161210112,-6.8,120.333090048,46.75,122.614200064,4,122.6142000640,0
120.171219968,-6.8,120.353090048,46.81875,122.715320064,4,122.7153200640,0
120.181220096,-6.8,120.373090048,46.81875,123.116450048,4,123.1164500480,0
120.191220224,-6.8,120.392840192,46.8875,123.214440192,4,123.2144401920,0
120.20123008,-6.7,120.413080064,46.8875,123.31632,6,123.3163200000,0
120.211209984,-6.7,120.433100032,46.8875,123.71531008,10,123.7153100800,0
120.221220096,-6.7,120.453080064,46.81875,123.81531008,10,123.8153100800,0
120.231209984,-6.8,120.472840192,46.75,123.915320064,11,123.9153200640,0
120.241210112,-6.7,120.493210112,46.95625,124.016440064,11,124.0164400640,0
120.251219968,-6.8,120.512830208,46.8875,124.11632,9,124.1163200000,0
120.26134016,-6.7,120.532840192,46.81875,124.51643008,4,124.5164300800,0
120.271209984,-6.7,120.553080064,46.81875,124.81643008,4,124.8164300800,0
120.28134016,-6.7,120.57296,46.95625,124.916310016,3,124.9163100160,0
120.291340032,-6.7,120.592830208,47.025,125.016550144,3,125.0165501440,0
120.301350144,-6.6,120.612830208,47.025,125.11643008,4,125.1164300800,0
120.311340032,-6.6,120.633090048,46.75,125.516550144,7,125.5165501440,0
120.32134016,-6.6,120.653080064,46.81875,125.716550144,7,125.7165501440,0
120.331340032,-6.6,120.672830208,46.8875,125.91643008,6,125.9164300800,0
120.34134016,-6.5,120.693090048,46.8875,126.0168,6,126.0168000000,0
120.351340032,-6.5,120.712950016,46.95625,126.116680192,6,126.1166801920,0
120.36134016,-6.5,120.733080064,47.025,126.716680192,11,126.7166801920,0
120.371340032,-6.5,120.752720128,47.09375,126.81654016,12,126.8165401600,0
120.381360128,-6.5,120.773210112,47.025,126.916420096,12,126.9164200960,0
120.391350016,-6.4,120.793080064,47.025,127.01654016,12,127.0165401600,0
120.40134016,-6.4,120.812830208,46.95625,127.116790016,12,127.1167900160,0
120.411330048,-6.3,120.83296,47.025,127.216659968,12,127.2166599680,0
120.42134016,-6.3,120.853080064,47.025,127.316530176,12,127.3165301760,0
120.431340032,-6.2,120.872710144,47.025,127.416420096,12,127.4164200960,0
120.44134016,-6.2,120.892830208,47.025,127.516420096,11,127.5164200960,0
120.451340032,-6.1,120.91296,47.025,127.616410112,11,127.6164101120,0
120.46134016,-6,120.932830208,47.1625,127.716790016,11,127.7167900160,0
120.471340032,-6,120.952710144,47.09375,127.816410112,10,127.8164101120,0
120.48134016,-5.9,120.973080064,46.95625,127.916790016,10,127.9167900160,0
120.491340032,-5.8,120.99296,46.95625,128.01654016,10,128.0165401600,0
120.501350144,-5.8,121.013080064,47.025,128.116410112,10,128.1164101120,0
120.511340032,-5.8,121.032710144,47.025,128.21691008,11,128.2169100800,0
120.52134016,-5.8,121.053210112,47.025,128.316290048,12,128.3162900480,0
120.531340032,-5.8,121.072710144,47.09375,128.41654016,13,128.4165401600,0
120.541330176,-5.7,121.092710144,47.09375,128.516280064,13,128.5162800640,0
120.551340032,-5.7,121.112710144,47.025,128.616659968,15,128.6166599680,0
120.56134016,-5.7,121.132950016,46.8875,128.71654016,16,128.7165401600,0
120.571330048,-5.7,121.152720128,46.81875,128.816530176,16,128.8165301760,0
120.581350144,-5.7,121.17270016,47.025,128.916280064,16,128.9162800640,0
120.591340032,-5.7,121.192950016,47.025,129.016649984,16,129.0166499840,0
120.601400064,-5.7,121.212710144,47.025,129.116530176,14,129.1165301760,0
120.611330048,-5.7,121.232710144,47.025,129.216530176,10,129.2165301760,0
120.62134016,-5.7,121.252950016,47.025,129.716649984,9,129.7166499840,0
120.631340032,-5.7,121.272950016,47.025,130.21627008,6,130.2162700800,0
120.641330176,-5.6,121.293080064,47.025,130.316400128,3,130.3164001280,0
120.651340032,-5.6,121.31270016,47.025,130.516649984,3,130.5166499840,0
120.66134016,-5.5,121.333080064,46.95625,130.616520192,5,130.6165201920,0
120.671340032,-5.5,121.35270016,47.025,130.816649984,8,130.8166499840,0
120.68134016,-5.4,121.37270016,47.025,131.416510208,2,131.4165102080,0
120.691350016,-5.4,121.39270016,47.025,131.516390144,1,131.5163901440,0
120.70134016,-5.4,121.41296,47.025,131.61627008,0,131.6162700800,0
120.711330048,-5.4,121.432710144,47.09375,131.716760064,0,131.7167600640,0
120.721330176,-5.3,121.45270016,47.09375,131.816390144,0,131.8163901440,0
120.731340032,-5.2,121.472950016,47.025,131.916260096,1,131.9162600960,0
120.741330176,-5.1,121.49270016,46.8875,132.016500224,2,132.0165002240,0
120.751330048,-5.1,121.51270016,46.95625,132.116260096,11,132.1162600960,0
120.76134016,-5,121.53296,47.025,132.216630016,12,132.2166300160,0
120.771340032,-4.9,121.552950016,47.1625,132.31638016,13,132.3163801600,0
120.78134016,-4.8,121.57270016,47.23125,132.416009984,13,132.4160099840,0
120.791340032,-4.8,121.59270016,47.23125,132.516260096,14,132.5162600960,0
120.80134016,-4.7,121.61307008,47.3,132.61638016,14,132.6163801600,0
120.811330048,-4.6,121.63270016,47.23125,132.71638016,14,132.7163801600,0
120.821330176,-4.6,121.65270016,47.09375,132.816510208,14,132.8165102080,0
120.831340032,-4.5,121.67270016,47.025,132.91638016,14,132.9163801600,0
120.84134016,-4.5,121.692950016,47.23125,133.016500224,14,133.0165002240,0
120.851330048,-4.5,121.71270016,47.3,133.116130048,15,133.1161300480,0
120.86134016,-4.5,121.732710144,47.23125,133.216,15,133.2160000000,0
120.871340032,-4.5,121.75270016,47.23125,133.31638016,15,133.3163801600,0
120.88134016,-4.5,121.77270016,47.3,133.416120064,15,133.4161200640,0
120.891330048,-4.5,121.792710144,47.3,133.51638016,15,133.5163801600,0
120.90134016,-4.5,121.812950016,47.1625,133.616130048,14,133.6161300480,0
120.911330048,-4.5,121.83270016,47.025,133.716489984,12,133.7164899840,0
120.921330176,-4.5,121.853080064,47.1625,133.816120064,10,133.8161200640,0
120.931340032,-4.5,121.87270016,47.23125,133.916620032,0,133.9166200320,0
120.94134016,-4.5,121.893080064,47.23125,134.016250112,0,134.0162501120,0
120.951330048,-4.5,121.91270016,47.3,134.116250112,0,134.1162501120,0
120.961330176,-4.5,121.93270016,47.3,134.216120064,0,134.2161200640,0
120.971330048,-4.5,121.95270016,47.3,134.315990016,0,134.3159900160,0
120.981330176,-4.5,121.972950016,47.23125,134.616620032,0,134.6166200320,0
120.991340032,-4.5,121.99270016,47.23125,134.716120064,0,134.7161200640,0
121.00134016,-4.5,122.01270016,47.3,134.816120064,0,134.8161200640,0
121.011330048,-4.5,122.03270016,47.4375,134.916240128,0,134.9162401280,0
121.021330176,-4.5,122.05270016,47.50625,135.016370176,0,135.0163701760,0
121.031340032,-4.5,122.072580096,47.4375,135.116230144,0,135.1162301440,0
121.04134016,-4.5,122.092940032,47.50625,135.315980032,0,135.3159800320,0
121.051340032,-4.5,122.11270016,47.4375,135.41611008,0,135.4161100800,0
121.061330176,-4.5,122.13307008,47.36875,135.516260096,0,135.5162600960,0
121.071340032,-4.5,122.152570112,47.4375,135.61611008,0,135.6161100800,1
121.08134016,-4.5,122.17307008,47.3,135.716489984,0,135.7164899840,1
121.091330048,-4.6,122.192570112,47.4375,135.816360192,0,135.8163601920,1
121.10134016,-4.6,122.212690176,47.4375,135.91648,0,135.9164800000,1
121.111330048,-4.6,122.232570112,47.36875,136.016730112,0,136.0167301120,1
121.121330176,-4.7,122.25270016,47.36875,136.116610048,0,136.1166100480,1
121.131330048,-4.7,122.272570112,47.4375,136.216489984,0,136.2164899840,1
121.141330176,-4.7,122.292570112,47.575,136.316610048,0,136.3166100480,1
121.151350016,-4.7,122.312690176,47.575,136.416600064,0,136.4166000640,0
121.161330176,-4.7,122.33270016,47.4375,136.51648,0,136.5164800000,0
121.171330048,-4.7,122.352580096,47.36875,136.616100096,0,136.6161000960,0
121.181350144,-4.7,122.372950016,47.50625,136.716230144,0,136.7162301440,0
121.191330048,-4.8,122.392690176,47.4375,136.818100224,0,136.8181002240,0
121.20134016,-4.8,122.41307008,47.4375,136.91622016,0,136.9162201600,0
121.211340032,-4.9,122.432580096,47.64375,137.016230144,0,137.0162301440,0
121.221330176,-4.9,122.45307008,47.64375,137.116730112,0,137.1167301120,0
121.231340032,-5,122.472570112,47.64375,137.216360192,0,137.2163601920,0
121.241330176,-5,122.49270016,47.36875,137.317730048,0,137.3177300480,0
121.251340032,-5.1,122.512570112,47.23125,137.416470016,0,137.4164700160,0
121.261330176,-5.1,122.53270016,47.4375,137.517740032,0,137.5177400320,0
121.271330048,-5.1,122.552570112,47.50625,137.716230144,0,137.7162301440,0
121.28134016,-5.2,122.572570112,47.575,137.916340224,11,137.9163402240,0
121.291340032,-5.2,122.592690176,47.575,138.016470016,11,138.0164700160,0
121.301330176,-5.3,122.612570112,47.575,138.116340224,12,138.1163402240,0
121.311330048,-5.3,122.632570112,47.64375,138.216470016,15,138.2164700160,0
121.321330176,-5.4,122.652940032,47.50625,138.317720064,18,138.3177200640,0
121.331340032,-5.4,122.67270016,47.575,138.417850112,20,138.4178501120,0
121.341330176,-5.4,122.69307008,47.50625,138.516470016,20,138.5164700160,0
121.351340032,-5.4,122.712570112,47.64375,138.616720128,20,138.6167201280,0
121.361330176,-5.4,122.73307008,47.64375,138.71659008,21,138.7165900800,0
121.371330048,-5.5,122.752570112,47.64375,138.818340096,21,138.8183400960,0
121.381330176,-5.5,122.772570112,47.64375,138.917840128,21,138.9178401280,0
121.391340032,-5.5,122.792570112,47.7125,139.01659008,21,139.0165900800,0
121.401330176,-5.5,122.812690176,47.7125,139.11771008,20,139.1177100800,0
121.411330048,-5.5,122.832570112,47.64375,139.217590016,19,139.2175900160,0
121.42134016,-5.5,122.852570112,47.50625,139.31771008,17,139.3177100800,0
121.431340032,-5.5,122.872690176,47.575,139.417840128,17,139.4178401280,0
121.441330176,-5.5,122.892560128,47.64375,139.517090048,18,139.5170900480,0
121.451340032,-5.5,122.912570112,47.7125,139.616580096,21,139.6165800960,0
121.461330176,-5.5,122.932940032,47.7125,139.716580096,22,139.7165800960,0
121.471330048,-5.5,122.952690176,47.7125,139.816830208,23,139.8168302080,0
121.481330176,-5.5,122.972570112,47.7125,140.01771008,25,140.0177100800,0
121.491340032,-5.5,122.992560128,47.64375,140.11771008,26,140.1177100800,0
121.501330176,-5.5,123.012940032,47.64375,140.217960192,28,140.2179601920,0
121.511320064,-5.5,123.032570112,47.575,140.317210112,28,140.3172101120,0
121.521330176,-5.5,123.052570112,47.7125,140.417460224,28,140.4174602240,0
121.531330048,-5.5,123.072440064,47.78125,140.517580032,29,140.5175800320,0
121.541330176,-5.5,123.092690176,47.78125,140.616710144,29,140.6167101440,0
121.551340032,-5.5,123.112570112,47.64375,140.716950016,28,140.7169500160,0
121.561330176,-5.5,123.132440064,47.64375,140.816820224,28,140.8168202240,0
121.571330048,-5.5,123.152570112,47.64375,140.917580032,28,140.9175800320,0
121.581330176,-5.5,123.172580096,47.7125,,,,
121.591340032,-5.5,123.192440064,47.50625,,,,
121.601330176,-5.5,123.212940032,47.64375,,,,
121.611330048,-5.5,123.232570112,47.7125,,,,
121.62134016,-5.5,123.25307008,47.78125,,,,
121.631340032,-5.5,123.272570112,47.85,,,,
121.641330176,-5.5,123.292940032,47.91875,,,,
121.651450112,-5.5,123.312560128,47.91875,,,,
121.66134016,-5.5,123.332570112,47.91875,,,,
121.671330048,-5.5,123.352570112,47.85,,,,
121.681460224,-5.5,123.372560128,47.78125,,,,
121.691460096,-5.5,123.392570112,47.91875,,,,
121.701459968,-5.5,123.412560128,47.9875,,,,
121.711450112,-5.5,123.432570112,48.05625,,,,
121.721449984,-5.5,123.452570112,48.125,,,,
121.731460096,-5.5,123.472560128,48.125,,,,
121.741449984,-5.5,123.492940032,47.91875,,,,
121.751460096,-5.5,123.512560128,47.91875,,,,
121.761449984,-5.5,123.53307008,48.125,,,,
121.771460096,-5.5,123.552570112,48.2625,,,,
121.781459968,-5.5,123.572940032,48.2625,,,,
121.791460096,-5.5,123.592440064,48.19375,,,,
121.801460224,-5.5,123.612560128,48.2625,,,,
121.811450112,-5.5,123.632440064,48.2625,,,,
121.821449984,-5.5,123.652560128,48.2625,,,,
121.831460096,-5.5,123.672440064,48.2625,,,,
121.841460224,-5.5,123.692450048,48.2625,,,,
121.851460096,-5.5,123.712560128,48.4,,,,
121.861449984,-5.5,123.732440064,48.46875,,,,
121.871460096,-5.5,123.752440064,48.2625,,,,
121.881449984,-5.5,123.772440064,48.2625,,,,
121.891460096,-5.4,123.792560128,48.46875,,,,
121.901449984,-5.4,123.812560128,48.60625,,,,
121.911450112,-5.4,123.832440064,48.5375,,,,
121.921449984,-5.3,123.852940032,48.4,,,,
121.931460096,-5.3,123.872560128,48.33125,,,,
121.941449984,-5.2,123.89243008,48.5375,,,,
121.951460096,-5.2,123.91243008,48.60625,,,,
121.961449984,-5.2,123.932570112,48.60625,,,,
121.971450112,-5.1,123.952440064,48.60625,,,,
121.981459968,-5.1,123.972440064,48.60625,,,,
121.991450112,-5.1,123.992570112,48.60625,,,,
122.001480192,-5,124.01243008,48.60625,,,,
122.011450112,-5,124.03243008,48.5375,,,,
122.021449984,-4.9,124.052940032,48.675,,,,
122.031460096,-4.9,124.072560128,48.8125,,,,
122.041449984,-4.9,124.09243008,48.8125,,,,
122.051460096,-4.9,124.11243008,48.74375,,,,
122.061449984,-4.8,124.132940032,48.74375,,,,
122.071450112,-4.8,124.152440064,48.74375,,,,
122.081460224,-4.8,124.172440064,48.675,,,,
122.091450112,-4.8,124.19243008,48.60625,,,,
122.101459968,-4.8,124.212560128,48.88125,,,,
122.111450112,-4.8,124.232440064,48.95,,,,
122.121449984,-4.8,124.252440064,48.88125,,,,
122.131450112,-4.8,124.27243008,48.95,,,,
122.141449984,-4.8,124.292440064,48.95,,,,
122.151460096,-4.8,124.31243008,49.01875,,,,
122.161460224,-4.8,124.332930048,48.88125,,,,
122.171450112,-4.8,124.352560128,48.88125,,,,
122.181459968,-4.8,124.372680192,48.8125,,,,
122.191450112,-4.8,124.39243008,48.88125,,,,
122.201449984,-4.8,124.412930048,48.88125,,,,
122.211450112,-4.8,124.43243008,48.95,,,,
122.221459968,-4.8,124.452440064,49.0875,,,,
122.231460096,-4.8,124.47243008,49.0875,,,,
122.241449984,-4.8,124.492560128,48.95,,,,
122.251460096,-4.8,124.512440064,48.88125,,,,
122.261449984,-4.8,124.53243008,48.88125,,,,
122.271450112,-4.8,124.55243008,49.01875,,,,
122.281449984,-4.8,124.57243008,49.0875,,,,
122.291450112,-4.8,124.592440064,49.01875,,,,
122.301449984,-4.8,124.612680192,49.0875,,,,
122.311460096,-4.8,124.632560128,49.15625,,,,
122.321449984,-4.8,124.652680192,49.15625,,,,
122.331450112,-4.8,124.67243008,49.01875,,,,
122.341449984,-4.8,124.692930048,49.01875,,,,
122.351460096,-4.8,124.71243008,49.15625,,,,
122.361449984,-4.8,124.73243008,49.15625,,,,
122.371450112,-4.8,124.75243008,49.15625,,,,
122.381459968,-4.8,124.77243008,49.225,,,,
122.391450112,-4.8,124.792300032,49.225,,,,
122.401449984,-4.8,124.81243008,49.15625,,,,
122.411450112,-4.8,124.83243008,49.15625,,,,
122.421449984,-4.8,124.85243008,49.01875,,,,
122.431460096,-4.8,124.87243008,49.0875,,,,
122.441449984,-4.8,124.892930048,49.15625,,,,
122.451460096,-4.8,124.91243008,49.15625,,,,
122.461459968,-4.8,124.932560128,49.15625,,,,
122.471450112,-4.8,124.952310016,49.15625,,,,
122.481449984,-4.8,124.972930048,49.15625,,,,
122.491460096,-4.8,124.99243008,49.15625,,,,
122.501449984,-4.8,125.012680192,49.0875,,,,
122.511450112,-4.8,125.032310016,49.0875,,,,
122.521449984,-4.8,125.052550144,49.15625,,,,
122.531450112,-4.8,125.07243008,49.15625,,,,
122.541449984,-4.8,125.092300032,49.225,,,,
122.551450112,-4.9,125.112300032,49.225,,,,
122.561449984,-4.9,125.132680192,49.225,,,,
122.571450112,-4.9,125.15243008,49.15625,,,,
122.581459968,-4.9,125.172680192,49.15625,,,,
122.591460096,-4.9,125.192310016,49.0875,,,,
122.601460224,-5,125.2128,49.15625,,,,
122.611440128,-5.1,125.232310016,49.225,,,,
122.621449984,-5.1,125.252300032,49.3625,,,,
122.631450112,-5.1,125.272300032,49.3625,,,,
122.641449984,-5.1,125.29243008,49.3625,,,,
122.651450112,-5.1,125.312300032,49.225,,,,
122.661449984,-5.1,125.332300032,49.15625,,,,
122.671460096,-5.1,125.35243008,49.15625,,,,
122.681449984,-5.1,125.372300032,49.29375,,,,
122.691450112,-5.1,125.392300032,49.3625,,,,
122.701459968,-5.2,125.412670208,49.3625,,,,
122.711440128,-5.2,125.43243008,49.43125,,,,
122.72144,-5.2,125.452300032,49.5,,,,
122.731450112,-5.2,125.472300032,49.43125,,,,
122.741449984,-5.2,125.492310016,49.43125,,,,
122.751440128,-5.2,125.512300032,49.3625,,,,
122.761449984,-5.2,125.532550144,49.5,,,,
122.771450112,-5.2,125.552300032,49.5,,,,
122.781449984,-5.2,125.57243008,49.56875,,,,
122.791450112,-5.2,125.592300032,49.6375,,,,
122.801449984,-5.2,125.612300032,49.6375,,,,
122.811440128,-5.2,125.63243008,49.56875,,,,
122.82144,-5.2,125.652680192,49.56875,,,,
122.831450112,-5.2,125.672300032,49.5,,,,
122.841449984,-5.2,125.692550144,49.5,,,,
122.851440128,-5.2,125.712420096,49.6375,,,,
122.86144,-5.2,125.732300032,49.6375,,,,
122.871450112,-5.3,125.752300032,49.775,,,,
122.881449984,-5.4,125.772930048,49.775,,,,
122.891450112,-5.4,125.792300032,49.70625,,,,
122.901459968,-5.5,125.812420096,49.6375,,,,
122.911440128,-5.5,125.832300032,49.6375,,,,
122.92144,-5.7,125.85243008,49.775,,,,
122.931450112,-5.7,125.872300032,49.775,,,,
122.941449984,-5.8,125.892300032,49.775,,,,
122.951450112,-5.8,125.912300032,49.84375,,,,
122.96144,-5.8,125.932300032,49.84375,,,,
122.971450112,-5.8,125.952300032,49.775,,,,
122.981470208,-5.8,125.972550144,49.775,,,,
122.991450112,-5.8,125.992300032,49.775,,,,
123.001449984,-5.8,126.012550144,49.775,,,,
123.011440128,-5.8,126.032300032,49.9125,,,,
123.021570048,-5.8,126.052550144,49.9125,,,,
123.031450112,-5.8,126.072310016,49.98125,,,,
123.041449984,-5.8,126.092550144,49.98125,,,,
123.051570176,-5.9,126.112290048,49.98125,,,,
123.061570048,-5.9,126.132420096,49.9125,,,,
123.071570176,-5.9,126.152300032,49.84375,,,,
123.081570048,-5.9,126.172550144,49.84375,,,,
123.09158016,-6,126.192290048,49.98125,,,,
123.101570048,-6,126.21254016,50.05,,,,
123.111570176,-6,126.232300032,50.11875,,,,
123.121570048,-6,126.252550144,50.11875,,,,
123.131570176,-6,126.272300032,50.11875,,,,
123.141570048,-6,126.292420096,49.98125,,,,
123.151570176,-6.1,126.312290048,49.98125,,,,
123.161570048,-6.1,126.332420096,50.05,,,,
123.17158016,-6.1,126.352300032,50.11875,,,,
123.181570048,-6.2,126.372550144,50.11875,,,,
123.191570176,-6.2,126.392300032,50.11875,,,,
123.201570048,-6.2,126.41254016,50.25625,,,,
123.211570176,-6.2,126.432300032,50.1875,,,,
123.221570048,-6.2,126.452420096,50.11875,,,,
123.231570176,-6.2,126.472300032,50.11875,,,,
123.241570048,-6.2,126.492420096,50.11875,,,,
123.25158016,-6.2,126.512290048,50.25625,,,,
123.261570048,-6.2,126.53254016,50.1875,,,,
123.271570176,-6.2,126.552290048,50.325,,,,
123.281570048,-6.2,126.572310016,50.25625,,,,
123.291570176,-6.2,126.592290048,50.325,,,,
123.301570048,-6.2,126.612420096,50.25625,,,,
123.311570176,-6.2,126.632290048,50.1875,,,,
123.321570048,-6.2,126.652420096,50.25625,,,,
123.331570176,-6.2,126.672290048,50.39375,,,,
123.341570048,-6.2,126.692550144,50.4625,,,,
123.35158016,-6.2,126.712290048,50.6,,,,
123.361570048,-6.2,126.732790016,50.53125,,,,
123.371570176,-6.3,126.752290048,50.6,,,,
123.381580032,-6.3,126.772420096,50.6,,,,
123.39158016,-6.4,126.792290048,50.6,,,,
123.401570048,-6.5,126.812290048,50.66875,,,,
123.411560192,-6.5,126.832290048,50.80625,,,,
123.421570048,-6.6,126.852290048,50.875,,,,
123.431570176,-6.7,126.872290048,50.875,,,,
123.441570048,-6.7,126.892290048,50.875,,,,
123.451570176,-6.7,126.912290048,50.875,,,,
123.461570048,-6.7,126.932420096,50.875,,,,
123.471570176,-6.7,126.952300032,50.80625,,,,
123.481570048,-6.7,126.972420096,50.7375,,,,
123.49158016,-6.7,126.992300032,51.0125,,,,
123.501570048,-6.7,127.012660224,51.0125,,,,
123.511560192,-6.8,127.032290048,51.0125,,,,
123.521570048,-6.8,127.052290048,51.0125,,,,
123.531570176,-6.9,127.072290048,51.0125,,,,
123.541570048,-6.9,127.092290048,51.0125,,,,
123.551570176,-6.9,127.112290048,51.0125,,,,
123.561570048,-6.9,127.132290048,51.0125,,,,
123.571570176,-7,127.152290048,51.15,,,,
123.581570048,-7,127.172290048,51.21875,,,,
123.591570176,-7.1,127.192290048,51.35625,,,,
123.601590016,-7.2,127.212290048,51.35625,,,,
123.611560192,-7.2,127.232290048,51.35625,,,,
123.621570048,-7.3,127.252420096,51.35625,,,,
123.631570176,-7.3,127.272290048,51.35625,,,,
123.641570048,-7.4,127.29254016,51.35625,,,,
123.651570176,-7.5,127.312290048,51.49375,,,,
123.661570048,-7.6,127.332290048,51.5625,,,,
123.671570176,-7.7,127.352290048,51.63125,,,,
123.681570048,-7.8,127.372290048,51.63125,,,,
123.69158016,-8,127.392290048,51.63125,,,,
123.701570048,-8.1,127.412290048,51.5625,,,,
123.711560192,-8.2,127.432290048,51.49375,,,,
123.721560064,-8.3,127.452290048,51.63125,,,,
123.731570176,-8.3,127.472290048,51.7,,,,
123.741560064,-8.3,127.492410112,51.76875,,,,
123.751570176,-8.3,127.512410112,51.8375,,,,
123.761570048,-8.3,127.532290048,51.8375,,,,
123.771570176,-8.3,127.552300032,51.8375,,,,
123.781609984,-8.3,127.57254016,51.8375,,,,
123.791560192,-8.3,127.592300032,51.76875,,,,
123.801570048,-8.3,127.612290048,51.975,,,,
123.811560192,-8.3,127.632290048,51.975,,,,
123.821560064,-8.3,127.652410112,52.1125,,,,
123.831570176,-8.3,127.672290048,52.04375,,,,
123.841570048,-8.3,127.692280064,52.04375,,,,
123.851560192,-8.3,127.712410112,52.04375,,,,
123.861560064,-8.3,127.73254016,52.04375,,,,
123.871570176,-8.3,127.752290048,51.975,,,,
123.881580032,-8.3,127.772410112,52.1125,,,,
123.891570176,-8.4,127.792410112,52.18125,,,,
123.901560064,-8.4,127.812280064,52.25,,,,
123.911560192,-8.4,127.832290048,52.31875,,,,
123.921560064,-8.4,127.85254016,52.25,,,,
123.931560192,-8.4,127.872290048,52.25,,,,
123.941570048,-8.4,127.892300032,52.25,,,,
123.951570176,-8.4,127.912280064,52.25,,,,
123.961560064,-8.4,127.932290048,52.3875,,,,
123.971570176,-8.4,127.952290048,52.525,,,,
123.981580032,-8.4,127.972410112,52.45625,,,,
123.991570176,-8.4,127.99216,52.45625,,,,
124.001570048,-8.5,128.012530176,52.45625,,,,
124.011560192,-8.6,128.032290048,52.45625,,,,
124.021570048,-8.7,128.052410112,52.3875,,,,
124.031560192,-8.8,128.072290048,52.45625,,,,
124.041560064,-8.9,128.092280064,52.59375,,,,
124.051560192,-9.1,128.112410112,52.6625,,,,
124.061560064,-9.2,128.132410112,52.73125,,,,
124.071560192,-9.4,128.152280064,52.73125,,,,
124.0816,-9.5,128.172280064,52.6625,,,,
124.091570176,-9.7,128.19216,52.6625,,,,
124.101560064,-9.9,128.212530176,52.73125,,,,
124.111560192,-10.1,128.23216,52.86875,,,,
124.121570048,-10.2,128.252410112,53.00625,,,,
124.131560192,-10.5,128.27216,53.00625,,,,
124.141560064,-10.6,128.292280064,53.075,,,,
124.151570176,-10.8,128.312150016,53.075,,,,
124.161560064,-11,128.332280064,53.14375,,,,
124.171560192,-11.2,128.352280064,53.075,,,,
124.181580032,-11.4,128.372410112,53.075,,,,
124.191560192,-11.6,128.392150016,53.14375,,,,
124.201570048,-11.7,128.412280064,53.2125,,,,
124.211560192,-11.8,128.43216,53.2125,,,,
124.221560064,-11.9,128.452290048,53.2125,,,,
124.231560192,-12,128.472040192,53.28125,,,,
124.241560064,-12.1,128.492410112,53.2125,,,,
124.251560192,-12.2,128.512150016,53.2125,,,,
124.261560064,-12.3,128.532280064,53.35,,,,
124.271560192,-12.4,128.552030208,53.4875,,,,
124.281580032,-12.5,128.572280064,53.625,,,,
124.291570176,-12.5,128.592280064,53.69375,,,,
124.301560064,-12.5,128.612280064,53.625,,,,
124.311560192,-12.5,128.632030208,53.625,,,,
124.321560064,-12.5,128.652420096,53.625,,,,
124.331560192,-12.6,128.672280064,53.625,,,,
124.341560064,-12.6,128.692400128,53.7625,,,,
124.351560192,-12.6,128.712030208,53.83125,,,,
124.361560064,-12.7,128.732280064,53.83125,,,,
124.371560192,-12.7,128.752030208,53.83125,,,,
124.381570048,-12.7,128.772030208,53.7625,,,,
124.391689984,-12.8,128.792030208,53.7625,,,,
124.401580032,-12.7,128.812280064,53.7625,,,,
124.411560192,-12.8,128.832030208,53.96875,,,,
124.421560064,-12.7,128.852030208,54.0375,,,,
124.431560192,-12.8,128.872280064,54.10625,,,,
124.441560064,-12.7,128.892030208,54.175,,,,
124.451689984,-12.8,128.912030208,54.175,,,,
124.461690112,-12.7,128.932410112,54.175,,,,
124.47168,-12.8,128.952030208,54.10625,,,,
124.481690112,-12.7,128.972400128,54.10625,,,,
124.491689984,-12.7,128.99190016,54.38125,,,,
124.501690112,-12.7,129.012780032,54.45,,,,
124.51168,-12.7,129.032030208,54.5875,,,,
124.521690112,-12.7,129.052030208,54.51875,,,,
124.531689984,-12.7,129.072030208,54.45,,,,
124.541680128,-12.7,129.092030208,54.38125,,,,
124.55168,-12.7,129.11190016,54.3125,,,,
124.561690112,-12.7,129.13190016,54.45,,,,
124.57168,-12.7,129.152030208,54.51875,,,,
124.581730048,-12.6,129.172030208,54.65625,,,,
124.591699968,-12.4,129.19190016,54.725,,,,
124.601690112,-12.2,129.212400128,54.725,,,,
124.61168,-12,129.232030208,54.65625,,,,
124.621680128,-11.6,129.252030208,54.45,,,,
124.631689984,-11.4,129.27190016,54.45,,,,
124.641680128,-11.1,129.292770048,54.45,,,,
124.65168,-10.9,129.31190016,54.725,,,,
124.661680128,-10.6,129.33190016,54.79375,,,,
124.67168,-10.4,129.35190016,54.8625,,,,
124.681740032,-10.1,129.372030208,54.79375,,,,
124.691689984,-9.9,129.39190016,54.725,,,,
124.701690112,-9.7,129.41190016,54.725,,,,
124.71168,-9.5,129.432019968,54.79375,,,,
124.721690112,-9.4,129.45190016,54.93125,,,,
124.73168,-9.4,129.47190016,55.06875,,,,
124.741690112,-9.3,129.49190016,55.06875,,,,
124.75168,-9.2,129.512019968,55.06875,,,,
124.761690112,-9.2,129.532400128,54.93125,,,,
124.77168,-9.2,129.55190016,54.8625,,,,
124.781720064,-9.1,129.572770048,55.06875,,,,
124.791689984,-9.1,129.59190016,55.1375,,,,
124.801700096,-9.1,129.61190016,55.20625,,,,
124.81168,-9.1,129.63190016,55.20625,,,,
124.821680128,-9.1,129.652030208,55.1375,,,,
124.831689984,-9,129.67190016,55.06875,,,,
124.841690112,-9,129.692030208,55.06875,,,,
124.85168,-9,129.712019968,55.06875,,,,
124.861680128,-9,129.73190016,55.1375,,,,
124.87168,-9,129.75190016,55.275,,,,
124.881700096,-9,129.772520192,55.20625,,,,
124.891689984,-9,129.79190016,55.20625,,,,
124.901680128,-9,129.812400128,55.20625,,,,
124.91168,-9,129.83190016,55.20625,,,,
124.921680128,-9,129.852520192,55.20625,,,,
124.93168,-9,129.87190016,55.34375,,,,
124.941680128,-9,129.891890176,55.34375,,,,
124.95168,-9,129.91190016,55.48125,,,,
124.961680128,-9,129.932020224,55.48125,,,,
124.97168,-9,129.95190016,55.48125,,,,
124.981700096,-9,129.971890176,55.4125,,,,
124.99168,-9,129.99190016,55.34375,,,,
125.001690112,-9,130.012390144,55.48125,,,,
125.01168,-9,130.03190016,55.55,,,,
125.021680128,-9,130.052400128,55.6875,,,,
125.03168,-9,130.07190016,55.6875,,,,
125.041680128,-9,130.092390144,55.61875,,,,
125.05168,-9,130.111890176,55.55,,,,
125.061680128,-9,130.13190016,55.4125,,,,
125.07168,-9.1,130.15190016,55.55,,,,
125.081690112,-9,130.17190016,55.6875,,,,
125.09168,-9,130.191890176,55.6875,,,,
125.101680128,-9,130.211890176,55.61875,,,,
125.11168,-9.1,130.231770112,55.55,,,,
125.121680128,-9.1,130.251890176,55.61875,,,,
125.13168,-9.1,130.27190016,55.61875,,,,
125.141680128,-9.1,130.29190016,55.6875,,,,
125.15168,-9.2,130.311770112,55.825,,,,
125.161680128,-9.3,130.332400128,55.825,,,,
125.17168,-9.4,130.351890176,55.825,,,,
125.181720064,-9.4,130.37190016,55.825,,,,
125.191689984,-9.4,130.391770112,55.75625,,,,
125.201680128,-9.4,130.412390144,55.75625,,,,
125.21168,-9.4,130.431890176,55.6875,,,,
125.221680128,-9.4,130.45190016,55.825,,,,
125.23168,-9.4,130.471770112,55.825,,,,
125.241680128,-9.4,130.491890176,55.89375,,,,
125.25168,-9.4,130.511770112,55.825,,,,
125.261680128,-9.4,130.531770112,55.825,,,,
125.27168,-9.4,130.551890176,55.75625,,,,
125.281730048,-9.4,130.571890176,55.6875,,,,
125.29168,-9.4,130.591770112,55.75625,,,,
125.301680128,-9.4,130.612140032,55.75625,,,,
125.31168,-9.4,130.631890176,55.89375,,,,
125.321680128,-9.3,130.651770112,55.89375,,,,
125.33168,-9.2,130.671770112,55.89375,,,,
125.341680128,-9.1,130.692390144,55.825,,,,
125.35168,-9.1,130.711760128,55.75625,,,,
125.361680128,-9,130.731770112,55.89375,,,,
125.37168,-9,130.751770112,55.9625,,,,
125.381690112,-8.9,130.771890176,56.1,,,,
125.391689984,-8.9,130.791760128,56.1,,,,
125.401690112,-8.9,130.811760128,56.03125,,,,
125.41168,-8.8,130.831890176,55.9625,,,,
125.421680128,-8.8,130.851890176,55.9625,,,,
125.431689984,-8.8,130.871770112,56.16875,,,,
125.441680128,-8.7,130.892020224,56.2375,,,,
125.45168,-8.7,130.911890176,56.2375,,,,
125.461680128,-8.7,130.931770112,56.30625,,,,
125.47168,-8.6,130.951770112,56.30625,,,,
125.481720064,-8.6,130.972390144,56.2375,,,,
125.491689984,-8.5,130.991760128,56.16875,,,,
125.501680128,-8.4,131.011760128,56.16875,,,,
125.511670016,-8.4,131.031770112,56.30625,,,,
125.521680128,-8.3,131.051890176,56.375,,,,
125.53168,-8.3,131.071770112,56.375,,,,
125.541680128,-8.2,131.091760128,56.375,,,,
125.55168,-8.2,131.111880192,56.375,,,,
125.561680128,-8.1,131.131770112,56.30625,,,,
125.57168,-8,131.151760128,56.30625,,,,
125.581690112,-8,131.172009984,56.375,,,,
125.59168,-7.9,131.191770112,56.5125,,,,
125.601680128,-7.8,131.212009984,56.5125,,,,
125.611670016,-7.8,131.231760128,56.5125,,,,
125.621680128,-7.7,131.252140032,56.44375,,,,
125.63168,-7.7,131.271770112,56.30625,,,,
125.641680128,-7.7,131.291880192,56.30625,,,,
125.65168,-7.7,131.311760128,56.44375,,,,
125.661680128,-7.7,131.331760128,56.58125,,,,
125.67168,-7.7,131.351760128,56.58125,,,,
125.681720064,-7.7,131.371760128,56.5125,,,,
125.69168,-7.7,131.391760128,56.30625,,,,
125.701690112,-7.7,131.411760128,56.30625,,,,
125.711670016,-7.7,131.431760128,56.30625,,,,
125.721680128,-7.7,131.452009984,56.44375,,,,
125.73168,-7.7,131.471760128,56.58125,,,,
125.741680128,-7.7,131.492009984,56.58125,,,,
125.75168,-7.7,131.511760128,56.58125,,,,
125.761680128,-7.7,131.532140032,56.5125,,,,
125.77168,-7.7,131.551760128,56.44375,,,,
125.781720064,-7.7,131.571760128,56.375,,,,
125.79168,-7.7,131.591760128,56.5125,,,,
125.801680128,-7.7,131.611760128,56.58125,,,,
125.811670016,-7.7,131.631760128,56.44375,,,,
125.821680128,-7.7,131.651640064,56.1,,,,
125.83168,-7.7,131.671760128,56.2375,,,,
125.841680128,-7.7,131.691760128,56.85625,,,,
125.85168,-7.7,131.711640064,56.85625,,,,
125.861800192,-7.7,131.731760128,56.16875,,,,
125.871800064,-7.7,131.751760128,56.03125,,,,
125.881860096,-7.7,131.772009984,56.375,,,,
125.891800064,-7.7,131.791640064,56.5125,,,,
125.901810176,-7.7,131.812130048,56.5125,,,,
125.911800064,-7.7,131.831760128,56.5125,,,,
125.921800192,-7.7,131.851760128,56.30625,,,,
125.931800064,-7.7,131.871760128,55.9625,,,,
125.941810176,-7.7,131.891760128,55.9625,,,,
125.951800064,-7.7,131.91163008,56.44375,,,,
125.961800192,-7.7,131.931640064,56.7875,,,,
125.971800064,-7.7,131.951760128,56.375,,,,
125.981810176,-7.7,131.971760128,56.44375,,,,
125.991800064,-7.7,131.99163008,56.71875,,,,
126.001810176,-7.7,132.011750144,56.375,,,,
126.011800064,-7.7,132.031760128,55.6875,,,,
126.021800192,-7.6,132.052009984,55.4125,,,,
126.031800064,-7.6,132.071640064,56.65,,,,
126.041800192,-7.6,132.092140032,57.54375,,,,
126.051800064,-7.5,132.11163008,57.13125,,,,
126.061800192,-7.5,132.13163008,56.44375,,,,
126.071800064,-7.5,132.15163008,55.6875,,,,
126.081840128,-7.5,132.171880192,55.61875,,,,
126.091800064,-7.4,132.19163008,56.44375,,,,
126.101800192,-7.4,132.21163008,57.40625,,,,
126.111800064,-7.4,132.231760128,57.26875,,,,
126.121800192,-7.4,132.251640064,56.85625,,,,
126.131800064,-7.4,132.27163008,56.30625,,,,
126.141800192,-7.4,132.291760128,55.9625,,,,
126.151800064,-7.4,132.311750144,56.03125,,,,
126.161800192,-7.4,132.331880192,56.71875,,,,
126.171800064,-7.4,132.35163008,57.26875,,,,
126.181830144,-7.4,132.371760128,57.2,,,,
126.191800064,-7.4,132.39163008,56.925,,,,
126.201800192,-7.4,132.41163008,56.5125,,,,
126.211800064,-7.4,132.43163008,56.30625,,,,
126.221800192,-7.4,132.451760128,56.58125,,,,
126.231800064,-7.4,132.47163008,56.925,,,,
126.241800192,-7.4,132.49163008,57.26875,,,,
126.251800064,-7.4,132.511750144,57.26875,,,,
126.261800192,-7.4,132.53163008,57.2,,,,
126.271800064,-7.4,132.55163008,56.925,,,,
126.281810176,-7.4,132.571750144,56.7875,,,,
126.291800064,-7.4,132.59163008,56.99375,,,,
126.301800192,-7.4,132.612009984,57.2,,,,
126.311800064,-7.4,132.63163008,57.26875,,,,
126.321810176,-7.4,132.651750144,57.3375,,,,
126.331800064,-7.4,132.67163008,57.3375,,,,
126.341800192,-7.4,132.69163008,57.3375,,,,
126.351800064,-7.4,132.711620096,57.3375,,,,
126.361800192,-7.4,132.73163008,57.40625,,,,
126.371800064,-7.4,132.75163008,57.54375,,,,
126.381810176,-7.4,132.77163008,57.68125,,,,
126.391810048,-7.4,132.791620096,57.68125,,,,
126.401800192,-7.3,132.811620096,57.68125,,,,
126.411800064,-7.3,132.83163008,57.54375,,,,
126.421800192,-7.3,132.851880192,57.6125,,,,
126.43179008,-7.3,132.87163008,57.75,,,,
126.441800192,-7.3,132.891870208,57.81875,,,,
126.451800064,-7.3,132.911620096,57.81875,,,,
126.461800192,-7.2,132.93163008,57.81875,,,,
126.471800064,-7.2,132.95163008,57.8875,,,,
126.481830144,-7.2,132.97163008,57.81875,,,,
126.491800064,-7.2,132.99163008,57.81875,,,,
126.501800192,-7.1,133.011620096,57.8875,,,,
126.51179008,-7.1,133.03163008,57.95625,,,,
126.521800192,-7.1,133.05163008,58.09375,,,,
126.53179008,-7.1,133.07163008,58.09375,,,,
126.541800192,-7.1,133.091620096,58.09375,,,,
126.551800064,-7.1,133.111500032,58.1625,,,,
126.561790208,-7.1,133.131880192,58.1625,,,,
126.571800064,-7.1,133.15163008,58.3,,,,
126.581840128,-7,133.171500032,58.36875,,,,
126.591800064,-7,133.191500032,58.4375,,,,
126.601810176,-6.9,133.211620096,58.50625,,,,
126.61179008,-6.9,133.231500032,58.4375,,,,
126.621800192,-6.9,133.251500032,58.4375,,,,
126.63179008,-6.9,133.271500032,58.4375,,,,
126.641800192,-6.8,133.291620096,58.50625,,,,
126.651800064,-6.8,133.311500032,58.575,,,,
126.661790208,-6.8,133.331500032,58.64375,,,,
126.67179008,-6.8,133.351620096,58.575,,,,
126.681840128,-6.8,133.37163008,58.575,,,,
126.691800064,-6.8,133.391500032,58.575,,,,
126.701800192,-6.8,133.411750144,58.575,,,,
126.71179008,-6.8,133.431620096,58.78125,,,,
126.721800192,-6.7,133.451750144,58.78125,,,,
126.731800064,-6.7,133.471500032,58.78125,,,,
126.741800192,-6.7,133.491620096,58.78125,,,,
126.751800064,-6.7,133.511500032,58.85,,,,
126.761800192,-6.7,133.531500032,58.85,,,,
126.77179008,-6.7,133.551500032,58.85,,,,
126.781830144,-6.6,133.571620096,59.05625,,,,
126.791800064,-6.6,133.591500032,59.125,,,,
126.801800192,-6.6,133.611490048,59.19375,,,,
126.81179008,-6.6,133.631620096,59.19375,,,,
126.821800192,-6.6,133.651500032,59.125,,,,
126.831800064,-6.6,133.671500032,59.05625,,,,
126.841800192,-6.6,133.69174016,59.125,,,,
126.851800064,-6.6,133.711620096,59.4,,,,
126.861800192,-6.6,133.731500032,59.5375,,,,
126.87179008,-6.6,133.751510016,59.46875,,,,
126.881800192,-6.6,133.771620096,59.4,,,,
126.891800064,-6.6,133.791490048,59.33125,,,,
126.901800192,-6.6,133.811490048,59.2625,,,,
126.911800064,-6.6,133.831500032,59.33125,,,,
126.921800192,-6.6,133.851620096,59.4,,,,
126.931800064,-6.6,133.871500032,59.33125,,,,
126.941790208,-6.6,133.891500032,59.05625,,,,
126.95179008,-6.6,133.911620096,59.05625,,,,
126.961800192,-6.6,133.931870208,59.2625,,,,
126.971800064,-6.6,133.951500032,58.91875,,,,
126.981830144,-6.6,133.971500032,58.4375,,,,
126.991800064,-6.6,133.991490048,58.78125,,,,
127.001790208,-6.6,134.01174016,59.95,,,,
127.01179008,-6.6,134.031500032,59.95,,,,
127.021800192,-6.6,134.051870208,59.05625,,,,
127.031800064,-6.6,134.071500032,58.4375,,,,
127.041800192,-6.6,134.091620096,58.64375,,,,
127.05179008,-6.6,134.111490048,59.19375,,,,
127.061800192,-6.6,134.131500032,59.4,,,,
127.07179008,-6.6,134.151490048,59.46875,,,,
127.081830144,-6.6,134.171490048,59.4,,,,
127.091800064,-6.6,134.191500032,58.9875,,,,
127.101790208,-6.6,134.211620096,58.575,,,,
127.11179008,-6.6,134.231490048,58.78125,,,,
127.121790208,-6.6,134.25174016,59.4,,,,
127.13179008,-6.6,134.271490048,59.4,,,,
127.141800192,-6.6,134.29174016,59.125,,,,
127.15179008,-6.6,134.31136,58.91875,,,,
127.161790208,-6.6,134.331870208,58.78125,,,,
127.17179008,-6.6,134.351490048,58.7125,,,,
127.181830144,-6.6,134.371620096,58.85,,,,
127.191800064,-6.6,134.391490048,59.05625,,,,
127.201790208,-6.6,134.411490048,59.05625,,,,
127.21179008,-6.6,134.431369984,58.78125,,,,
127.221790208,-6.6,134.451490048,58.64375,,,,
127.23179008,-6.6,134.471490048,58.64375,,,,
127.24192,-6.6,134.491490048,58.7125,,,,
127.25179008,-6.6,134.51136,58.64375,,,,
127.26192,-6.6,134.53174016,58.78125,,,,
127.272040192,-6.6,134.551490048,58.7125,,,,
127.281939968,-6.6,134.57174016,58.4375,,,,
127.291930112,-6.6,134.59136,58.4375,,,,
127.30192,-6.6,134.611859968,58.575,,,,
127.311920128,-6.6,134.631369984,58.4375,,,,
127.321910016,-6.6,134.651490048,58.36875,,,,
127.331920128,-6.6,134.671369984,58.4375,,,,
127.34192,-6.6,134.691610112,58.4375,,,,
127.352040192,-6.6,134.71136,58.4375,,,,
127.361910016,-6.6,134.731490048,58.4375,,,,
127.371910144,-6.6,134.751490048,58.3,,,,
127.38192,-6.6,134.771490048,58.1625,,,,
127.392040192,-6.6,134.79136,58.1625,,,,
127.401929984,-6.6,134.81174016,58.1625,,,,
127.412040192,-6.6,134.831490048,58.3,,,,
127.42192,-6.6,134.851490048,58.3,,,,
127.431910144,-6.6,134.87136,58.3,,,,
127.44192,-6.6,134.891490048,57.95625,,,,
127.452040192,-6.6,134.91136,57.75,,,,
127.461910016,-6.6,134.93136,57.81875,,,,
127.472040192,-6.6,134.95136,58.1625,,,,
127.48192,-6.6,134.971490048,58.23125,,,,
127.491920128,-6.6,134.99136,57.95625,,,,
127.501929984,-6.6,135.01136,57.68125,,,,
127.511920128,-6.6,135.031490048,57.54375,,,,
127.52192,-6.6,135.051610112,57.40625,,,,
127.532040192,-6.6,135.07136,57.3375,,,,
127.54192,-6.6,135.09174016,57.54375,,,,
127.552040192,-6.6,135.111480064,57.68125,,,,
127.561910016,-6.6,135.13136,57.54375,,,,
127.571910144,-6.6,135.15136,57.40625,,,,
127.581929984,-6.6,135.171490048,57.26875,,,,
127.592040192,-6.6,135.19136,57.2,,,,
127.601929984,-6.6,135.21136,57.3375,,,,
127.612030208,-6.6,135.23136,57.54375,,,,
127.622160128,-6.6,135.251490048,57.68125,,,,
127.632040192,-6.6,135.27136,57.475,,,,
127.64192,-6.6,135.291369984,57.26875,,,,
127.651920128,-6.6,135.311490048,57.2,,,,
127.661910016,-6.6,135.331490048,57.13125,,,,
127.672040192,-6.6,135.351369984,56.99375,,,,
127.682160128,-6.6,135.37136,57.0625,,,,
127.692030208,-6.6,135.391490048,57.13125,,,,
127.701929984,-6.6,135.41136,56.925,,,,
127.71216,-6.6,135.43136,56.925,,,,
127.72192,-6.6,135.45174016,56.85625,,,,
127.731910144,-6.6,135.47136,56.85625,,,,
127.741910016,-6.6,135.49136,56.7875,,,,
127.752040192,-6.6,135.51136,56.85625,,,,
127.762160128,-6.6,135.53136,56.85625,,,,
127.771910144,-6.6,135.55136,56.7875,,,,
127.78192,-6.6,135.57136,56.7875,,,,
127.79216,-6.6,135.59136,56.71875,,,,
127.802160128,-6.6,135.61136,56.58125,,,,
127.812030208,-6.6,135.63136,56.58125,,,,
127.822160128,-6.6,135.651610112,56.7875,,,,
127.832040192,-6.6,135.67136,56.71875,,,,
127.842160128,-6.6,135.69174016,56.58125,,,,
127.851920128,-6.6,135.71136,56.58125,,,,
127.86192,-6.6,135.73174016,56.375,,,,
127.872040192,-6.6,135.75136,56.2375,,,,
127.882170112,-6.6,135.771480064,56.1,,,,
127.892040192,-6.6,135.79136,56.2375,,,,
127.902160128,-6.6,135.811350016,56.2375,,,,
127.912030208,-6.6,135.831230208,56.1,,,,
127.921910016,-6.6,135.85136,56.03125,,,,
127.932040192,-6.6,135.87136,55.89375,,,,
127.942160128,-6.6,135.891480064,55.6875,,,,
127.952040192,-6.6,135.911350016,55.61875,,,,
127.962040064,-6.6,135.931610112,55.6875,,,,
127.971910144,-6.6,135.95136,55.6875,,,,
127.982040064,-6.6,135.97136,55.75625,,,,
127.992030208,-6.6,135.991240192,55.6875,,,,
128.00203008,-6.6,136.011730176,55.55,,,,
128.011910144,-6.6,136.03136,55.4125,,,,
128.022040064,-6.7,136.05136,55.34375,,,,
128.032040192,-6.7,136.071230208,55.48125,,,,
128.04203008,-6.7,136.091350016,55.48125,,,,
128.051910144,-6.7,136.111230208,55.61875,,,,
128.061910016,-6.7,136.131230208,55.55,,,,
128.072030208,-6.7,136.15136,55.34375,,,,
128.08203008,-6.8,136.17136,55.20625,,,,
128.092030208,-6.8,136.191230208,55.1375,,,,
128.10203008,-6.8,136.211610112,55.06875,,,,
128.11216,-6.8,136.23136,55.20625,,,,
128.12203008,-6.8,136.251610112,55.34375,,,,
128.131910144,-6.8,136.271230208,55.275,,,,
128.142040064,-6.8,136.291730176,55.06875,,,,
128.152030208,-6.9,136.311230208,54.93125,,,,
128.161910016,-6.9,136.331350016,54.8625,,,,
128.172040192,-6.9,136.351230208,54.725,,,,
128.18203008,-6.9,136.371350016,55,,,,
128.191910144,-6.9,136.391230208,55.06875,,,,
128.20203008,-6.9,136.411230208,55,,,,
128.211910144,-7,136.431350016,54.8625,,,,
128.22203008,-7,136.451230208,54.725,,,,
128.231910144,-7.1,136.471230208,54.65625,,,,
128.24203008,-7.2,136.491350016,54.65625,,,,
128.251910144,-7.2,136.511350016,54.725,,,,
128.261910016,-7.3,136.531480064,54.725,,,,
128.272030208,-7.3,136.551230208,54.725,,,,
128.282040064,-7.3,136.571730176,54.725,,,,
128.292030208,-7.3,136.591230208,54.5875,,,,
128.30203008,-7.4,136.611219968,54.45,,,,
128.31190016,-7.4,136.631230208,54.38125,,,,
128.322160128,-7.4,136.651350016,54.3125,,,,
128.332030208,-7.5,136.671230208,54.3125,,,,
128.34203008,-7.5,136.691219968,54.38125,,,,
128.352030208,-7.6,136.711220224,54.38125,,,,
128.36203008,-7.6,136.731230208,54.24375,,,,
128.371910144,-7.6,136.751230208,54.10625,,,,
128.382150144,-7.6,136.771480064,53.96875,,,,
128.39190016,-7.6,136.791220224,53.96875,,,,
128.40203008,-7.7,136.81147008,54.0375,,,,
128.412030208,-7.7,136.831230208,54.10625,,,,
128.42203008,-7.7,136.851600128,54.175,,,,
128.431910144,-7.7,136.871230208,54.10625,,,,
128.442040064,-7.7,136.891230208,53.9,,,,
128.452040192,-7.8,136.911220224,53.83125,,,,
128.46203008,-7.8,136.931230208,53.83125,,,,
128.47216,-7.8,136.951230208,53.83125,,,,
128.48203008,-7.8,136.971230208,54.0375,,,,
128.491910144,-7.9,136.991220224,54.0375,,,,
128.50203008,-7.9,137.011219968,53.96875,,,,
128.51190016,-7.9,137.031230208,53.83125,,,,
128.522160128,-7.9,137.051480064,53.7625,,,,
128.532030208,-7.9,137.071230208,53.625,,,,
128.54203008,-7.9,137.091219968,53.55625,,,,
128.55216,-7.9,137.111220224,53.69375,,,,
128.56203008,-7.9,137.131600128,53.625,,,,
128.572030208,-7.9,137.151220224,53.55625,,,,
128.58203008,-7.9,137.171230208,53.4875,,,,
128.592030208,-7.9,137.19110016,53.35,,,,
128.602150144,-7.9,137.211219968,53.2125,,,,
128.612030208,-7.9,137.231230208,53.14375,,,,
128.62203008,-7.9,137.25110016,53.2125,,,,
128.632150016,-7.9,137.271220224,53.28125,,,,
128.642040064,-7.9,137.291219968,53.35,,,,
128.652040192,-7.9,137.311090176,53.28125,,,,
128.662160128,-7.9,137.33147008,53.28125,,,,
128.672030208,-7.9,137.351220224,53.2125,,,,
128.682040064,-7.9,137.37147008,53.14375,,,,
128.692030208,-7.9,137.391090176,53.14375,,,,
128.70203008,-7.9,137.411590144,53.2125,,,,
128.712150016,-7.9,137.43110016,53.35,,,,
128.72203008,-7.9,137.45110016,53.35,,,,
128.732030208,-7.9,137.47110016,53.28125,,,,
128.74203008,-7.9,137.491230208,53.2125,,,,
128.752150016,-7.9,137.511090176,53.14375,,,,
128.76203008,-7.9,137.531219968,53.00625,,,,
128.772150016,-7.9,137.551220224,53.00625,,,,
128.78203008,-7.9,137.57110016,53.075,,,,
128.79216,-7.9,137.591090176,53.00625,,,,
128.802150144,-7.9,137.611340032,52.9375,,,,
128.812030208,-7.9,137.631220224,52.86875,,,,
128.82203008,-7.9,137.651350016,52.8,,,,
128.83216,-7.9,137.67110016,52.6625,,,,
128.84203008,-7.9,137.691219968,52.6625,,,,
128.85216,-7.9,137.711090176,52.73125,,,,
128.86203008,-7.9,137.73110016,52.73125,,,,
128.872030208,-7.9,137.75110016,52.6625,,,,
128.882160128,-7.8,137.771219968,52.8,,,,
128.892150016,-7.8,137.79110016,52.9375,,,,
128.902020096,-7.8,137.811590144,52.9375,,,,
128.912150016,-7.7,137.831220224,52.59375,,,,
128.92203008,-7.6,137.851219968,52.525,,,,
128.932150016,-7.6,137.871090176,53.075,,,,
128.94203008,-7.6,137.89147008,53.4875,,,,
128.952280064,-7.5,137.911220224,53.41875,,,,
128.96203008,-7.5,137.931090176,52.59375,,,,
128.972150016,-7.5,137.951090176,51.8375,,,,
128.98203008,-7.4,137.97147008,52.31875,,,,
128.992150016,-7.3,137.991090176,53.69375,,,,
129.002020096,-7.3,138.011219968,53.69375,,,,
129.012030208,-7.2,138.031090176,53.075,,,,
129.02203008,-7.1,138.051090176,52.6625,,,,
129.032150016,-7,138.071090176,52.59375,,,,
129.04203008,-7,138.091090176,52.86875,,,,
129.052150016,-6.9,138.111209984,53.14375,,,,
129.06203008,-6.9,138.131090176,53.2125,,,,
129.072150016,-6.9,138.151090176,53.35,,,,
129.082020096,-6.9,138.171350016,53.4875,,,,
129.09227008,-6.9,138.191090176,53.28125,,,,
129.10203008,-6.9,138.211460096,53.00625,,,,
129.112150016,-6.8,138.231090176,52.86875,,,,
129.12203008,-6.8,138.251590144,53.35,,,,
129.13216,-6.7,138.271090176,53.83125,,,,
129.14203008,-6.6,138.291090176,53.69375,,,,
129.152280064,-6.5,138.311090176,53.35,,,,
129.16203008,-6.5,138.331090176,53.41875,,,,
129.172150016,-6.4,138.351090176,53.55625,,,,
129.182020096,-6.3,138.371090176,53.69375,,,,
129.192150016,-6.3,138.391090176,53.7625,,,,
129.20203008,-6.2,138.411090176,53.69375,,,,
129.212150016,-6.1,138.430970112,53.83125,,,,
129.22203008,-6.1,138.451090176,53.9,,,,
129.232280064,-6,138.471090176,53.83125,,,,
129.24203008,-5.9,138.491340032,53.69375,,,,
129.252150016,-5.9,138.511090176,53.83125,,,,
129.26203008,-5.8,138.53147008,53.9,,,,
129.272150016,-5.8,138.551090176,54.10625,,,,
129.282020096,-5.8,138.571090176,54.10625,,,,
129.292030208,-5.8,138.590960128,54.10625,,,,
129.302020096,-5.8,138.611590144,54.10625,,,,
129.312150016,-5.8,138.630970112,54.24375,,,,
129.32203008,-5.8,138.65110016,54.45,,,,
129.332150016,-5.8,138.671090176,54.51875,,,,
129.34203008,-5.8,138.691090176,54.5875,,,,
129.352150016,-5.7,138.711090176,54.5875,,,,
129.36203008,-5.7,138.731340032,54.5875,,,,
129.37216,-5.6,138.751090176,54.5875,,,,
129.38203008,-5.6,138.770960128,54.725,,,,
129.392150016,-5.5,138.790960128,54.8625,,,,
129.402020096,-5.5,138.811080192,55.06875,,,,
129.412150016,-5.5,138.830970112,55.06875,,,,
129.42203008,-5.5,138.851090176,55.06875,,,,
129.432150016,-5.4,138.871090176,55.1375,,,,
129.44203008,-5.4,138.891080192,55.06875,,,,
129.452150016,-5.4,138.911080192,55.20625,,,,
129.462020096,-5.4,138.930960128,55.34375,,,,
129.472150016,-5.3,138.951090176,55.48125,,,,
129.482020096,-5.2,138.971090176,55.55,,,,
129.492150016,-5.2,138.990960128,55.55,,,,
129.502020096,-5.1,139.011460096,55.48125,,,,
129.512150016,-5.1,139.031090176,55.4125,,,,
129.52203008,-5,139.050960128,55.4125,,,,
129.532150016,-4.9,139.070970112,55.61875,,,,
129.54203008,-4.8,139.091080192,55.6875,,,,
129.552150016,-4.7,139.111080192,55.75625,,,,
129.562020096,-4.7,139.131090176,55.6875,,,,
129.572020224,-4.6,139.150960128,55.75625,,,,
129.58203008,-4.5,139.171090176,55.825,,,,
129.592150016,-4.5,139.190960128,55.89375,,,,
129.602020096,-4.4,139.210960128,56.1,,,,
129.612150016,-4.3,139.230960128,56.16875,,,,
129.62203008,-4.2,139.251090176,56.30625,,,,
129.632150016,-4.1,139.270960128,56.30625,,,,
129.64203008,-4,139.290960128,56.2375,,,,
129.652150016,-3.9,139.311080192,56.2375,,,,
129.662020096,-3.7,139.331209984,56.30625,,,,
129.672019968,-3.6,139.350960128,56.5125,,,,
129.682040064,-3.5,139.371330048,56.58125,,,,
129.692150016,-3.4,139.391090176,56.71875,,,,
129.702020096,-3.3,139.411330048,56.58125,,,,
129.712140032,-3.2,139.430960128,56.58125,,,,
129.72203008,-3.1,139.451080192,56.58125,,,,
129.732150016,-3,139.470960128,56.65,,,,
129.742020096,-2.9,139.490960128,56.7875,,,,
129.752019968,-2.9,139.511080192,56.85625,,,,
129.762020096,-2.9,139.530960128,56.99375,,,,
129.77227008,-2.8,139.550960128,57.0625,,,,
129.782020096,-2.8,139.571330048,57.0625,,,,
129.792150016,-2.7,139.590960128,57.0625,,,,
129.802020096,-2.6,139.611330048,57.0625,,,,
129.812150016,-2.5,139.630960128,57.2,,,,
129.822020096,-2.4,139.650960128,57.26875,,,,
129.832030208,-2.3,139.67083008,57.475,,,,
129.842020096,-2.2,139.690960128,57.475,,,,
129.852280064,-2.1,139.710950144,57.475,,,,
129.86203008,-2,139.731460096,57.475,,,,
129.872019968,-1.9,139.750960128,57.475,,,,
129.882020096,-1.8,139.770960128,57.68125,,,,
129.89227008,-1.7,139.790960128,57.81875,,,,
129.902020096,-1.5,139.810950144,58.025,,,,
129.91227008,-1.4,139.830960128,58.025,,,,
129.922020096,-1.2,139.850960128,57.95625,,,,
129.932140032,-1.1,139.870960128,57.95625,,,,
129.942020096,-1,139.891340032,57.95625,,,,
129.95227008,-0.9,139.910950144,58.23125,,,,
129.962020096,-0.8,139.931330048,58.4375,,,,
129.97227008,-0.7,139.950960128,58.50625,,,,
129.982020096,-0.6,139.970960128,58.4375,,,,
129.992150016,-0.5,139.990950144,58.36875,,,,
130.002020096,-0.4,140.010950144,58.4375,,,,
130.012140032,-0.3,140.03083008,58.4375,,,,
130.022150144,-0.2,140.050960128,58.575,,,,
130.03227008,-0.1,140.070960128,58.64375,,,,
130.042150144,0,140.090950144,58.78125,,,,
130.052150016,0,140.11083008,58.78125,,,,
130.062150144,0,140.13083008,58.78125,,,,
130.072150016,0.1,140.150960128,58.78125,,,,
130.08214016,0.1,140.17083008,58.85,,,,
130.092150016,0.2,140.19083008,59.05625,,,,
130.10214016,0.2,140.211330048,59.19375,,,,
130.11227008,0.2,140.23083008,59.33125,,,,
130.122150144,0.2,140.25083008,59.33125,,,,
130.132150016,0.3,140.270950144,59.4,,,,
130.142270208,0.3,140.290950144,59.4,,,,
130.15227008,0.3,140.310820096,59.46875,,,,
130.162150144,0.3,140.331080192,59.5375,,,,
130.17227008,0.3,140.350960128,59.675,,,,
130.182150144,0.3,140.37083008,59.675,,,,
130.19227008,0.3,140.390950144,59.74375,,,,
130.20214016,0.3,140.4112,59.675,,,,
130.212140032,0.3,140.43083008,59.74375,,,,
130.22214016,0.3,140.450950144,59.8125,,,,
130.23227008,0.3,140.47083008,60.01875,,,,
130.242150144,0.3,140.491330048,60.0875,,,,
130.25227008,0.3,140.510820096,60.15625,,,,
130.26214016,0.3,140.530950144,60.15625,,,,
130.27227008,0.3,140.55083008,60.15625,,,,
130.282150144,0.3,140.570950144,60.225,,,,
130.292280064,0.3,140.590820096,60.29375,,,,
130.30214016,0.3,140.610820096,60.43125,,,,
130.31227008,0.3,140.63083008,60.56875,,,,
130.32214016,0.3,140.650960128,60.6375,,,,
130.332140032,0.3,140.67083008,60.6375,,,,
130.342150144,0.3,140.691090176,60.6375,,,,
130.35227008,0.3,140.710950144,60.6375,,,,
130.36214016,0.2,140.73083008,60.84375,,,,
130.37227008,0.2,140.75083008,60.9125,,,,
130.382150144,0.2,140.771330048,60.9125,,,,
130.39227008,0.2,140.79083008,61.11875,,,,
130.40214016,0.2,140.810820096,61.05,,,,
130.412140032,0.1,140.830700032,60.98125,,,,
130.42214016,0,140.851080192,61.05,,,,
130.43227008,0,140.87083008,61.1875,,,,
130.44214016,-0.1,140.890820096,61.4625,,,,
130.45227008,-0.2,140.910820096,61.53125,,,,
130.46214016,-0.3,140.930950144,61.4625,,,,
130.47227008,-0.4,140.950820096,61.4625,,,,
130.482150144,-0.5,140.9712,61.53125,,,,
130.492390144,-0.6,140.990820096,61.6,,,,
130.502150144,-0.6,,,,,,
130.51227008,-0.7,,,,,,
130.522150144,-0.8,,,,,,
130.53227008,-0.8,,,,,,
130.542150144,-0.8,,,,,,
130.55227008,-0.9,,,,,,
130.56214016,-0.9,,,,,,
130.572390144,-0.9,,,,,,
130.58214016,-0.9,,,,,,
130.592260096,-0.9,,,,,,
130.60214016,-0.9,,,,,,
130.612260096,-0.9,,,,,,
130.62214016,-0.9,,,,,,
130.63227008,-0.9,,,,,,
130.642150144,-0.9,,,,,,
130.652280064,-0.9,,,,,,
130.66214016,-0.9,,,,,,
130.67227008,-0.9,,,,,,
130.68214016,-0.9,,,,,,
130.692140032,-0.9,,,,,,
130.70214016,-0.9,,,,,,
130.71227008,-0.9,,,,,,
130.72214016,-0.9,,,,,,
130.73227008,-0.9,,,,,,
130.74214016,-0.9,,,,,,
130.75227008,-0.9,,,,,,
130.76214016,-0.9,,,,,,
130.772390144,-0.9,,,,,,
130.78214016,-0.9,,,,,,
130.79227008,-0.9,,,,,,
130.80214016,-0.9,,,,,,
130.81227008,-0.9,,,,,,
130.82214016,-0.9,,,,,,
130.83227008,-0.9,,,,,,
130.84214016,-0.8,,,,,,
130.85227008,-0.8,,,,,,
130.86214016,-0.8,,,,,,
130.872140032,-0.8,,,,,,
130.88214016,-0.8,,,,,,
130.892260096,-0.7,,,,,,
130.90214016,-0.6,,,,,,
130.912260096,-0.6,,,,,,
130.92214016,-0.5,,,,,,
130.93227008,-0.4,,,,,,
130.94214016,-0.4,,,,,,
130.952140032,-0.3,,,,,,
130.96214016,-0.2,,,,,,
130.972140032,-0.2,,,,,,
130.982390016,-0.1,,,,,,
130.992140032,-0.1,,,,,,
131.00214016,-0.1,,,,,,
131.012260096,-0.1,,,,,,
131.022390016,-0.1,,,,,,
131.03227008,-0.1,,,,,,
131.042390016,-0.1,,,,,,
131.052260096,-0.1,,,,,,
131.06214016,-0.1,,,,,,
131.072140032,-0.1,,,,,,
131.08214016,-0.1,,,,,,
131.092260096,-0.1,,,,,,
131.102390016,-0.1,,,,,,
131.112260096,-0.1,,,,,,
131.122390016,-0.1,,,,,,
131.13227008,-0.1,,,,,,
131.142150144,-0.1,,,,,,
131.152140032,-0.1,,,,,,
131.1624,-0.1,,,,,,
131.17227008,0,,,,,,
131.182390016,0,,,,,,
131.192260096,0.1,,,,,,
131.202390016,0.2,,,,,,
131.212260096,0.3,,,,,,
131.22214016,0.4,,,,,,
131.232390144,0.5,,,,,,
131.242390016,0.7,,,,,,
131.252390144,0.8,,,,,,
131.262390016,1,,,,,,
131.272140032,1.1,,,,,,
131.28214016,1.2,,,,,,
131.292260096,1.2,,,,,,
131.302390016,1.3,,,,,,
131.31238016,1.3,,,,,,
131.322390016,1.3,,,,,,
131.332260096,1.3,,,,,,
131.3424,1.3,,,,,,
131.352390144,1.3,,,,,,
131.36214016,1.3,,,,,,
131.372390144,1.3,,,,,,
131.382390016,1.3,,,,,,
131.392260096,1.3,,,,,,
131.402380032,1.3,,,,,,
131.412390144,1.4,,,,,,
131.42214016,1.5,,,,,,
131.432390144,1.6,,,,,,
131.442390016,1.7,,,,,,
131.452390144,1.8,,,,,,
131.462390016,1.9,,,,,,
131.472260096,2,,,,,,
131.482390016,2.1,,,,,,
131.492390144,2.2,,,,,,
131.502260224,2.2,,,,,,
131.51238016,2.2,,,,,,
131.522390016,2.2,,,,,,
131.532260096,2.2,,,,,,
131.5424,2.2,,,,,,
131.552390144,2.2,,,,,,
131.562259968,2.2,,,,,,
131.572260096,2.2,,,,,,
131.582380032,2.2,,,,,,
131.59238016,2.2,,,,,,
131.602380032,2.2,,,,,,
131.612510208,2.2,,,,,,
131.622390016,2.2,,,,,,
131.632390144,2.1,,,,,,
131.64251008,1.9,,,,,,
131.652390144,1.8,,,,,,
131.662390016,1.7,,,,,,
131.672510208,1.6,,,,,,
131.682380032,1.5,,,,,,
131.692390144,1.4,,,,,,
131.70251008,1.3,,,,,,
131.712390144,1.2,,,,,,
131.722390016,1.2,,,,,,
131.732390144,1.1,,,,,,
131.742390016,1.1,,,,,,
131.752400128,1.1,,,,,,
131.762380032,1.1,,,,,,
131.77238016,1.1,,,,,,
131.782390016,1,,,,,,
131.792390144,0.9,,,,,,
131.802380032,0.8,,,,,,
131.812260096,0.8,,,,,,
131.822390016,0.7,,,,,,
131.832390144,0.7,,,,,,
131.842390016,0.6,,,,,,
131.85238016,0.6,,,,,,
131.862380032,0.6,,,,,,
131.872390144,0.5,,,,,,
131.882380032,0.5,,,,,,
131.89238016,0.4,,,,,,
131.902380032,0.3,,,,,,
131.91238016,0.1,,,,,,
131.922390016,0,,,,,,
131.932390144,-0.1,,,,,,
131.942380032,-0.3,,,,,,
131.95238016,-0.4,,,,,,
131.962380032,-0.5,,,,,,
131.972390144,-0.7,,,,,,
131.98251008,-0.9,,,,,,
131.99238016,-1.1,,,,,,
132.002380032,-1.3,,,,,,
132.01238016,-1.5,,,,,,
132.022380032,-1.5,,,,,,
132.03238016,-1.6,,,,,,
132.042380032,-1.6,,,,,,
132.05238016,-1.7,,,,,,
132.062380032,-1.8,,,,,,
132.072260096,-1.8,,,,,,
132.082380032,-1.9,,,,,,
132.092260096,-1.9,,,,,,
132.102380032,-2,,,,,,
132.11238016,-2.1,,,,,,
132.12251008,-2.1,,,,,,
132.132390144,-2.2,,,,,,
132.142380032,-2.2,,,,,,
132.15238016,-2.2,,,,,,
132.162380032,-2.3,,,,,,
132.172260096,-2.4,,,,,,
132.182380032,-2.5,,,,,,
132.19227008,-2.6,,,,,,
132.202380032,-2.7,,,,,,
132.212250112,-2.8,,,,,,
132.222380032,-2.9,,,,,,
132.23238016,-3.1,,,,,,
132.242380032,-3.2,,,,,,
132.252260096,-3.4,,,,,,
132.262380032,-3.5,,,,,,
132.272260096,-3.7,,,,,,
132.282390016,-3.8,,,,,,
132.29238016,-4,,,,,,
132.302380032,-4,,,,,,
132.31238016,-4.1,,,,,,
132.322380032,-4.2,,,,,,
132.33238016,-4.3,,,,,,
132.342390016,-4.4,,,,,,
132.352260096,-4.4,,,,,,
132.362380032,-4.5,,,,,,
132.37238016,-4.6,,,,,,
132.382380032,-4.6,,,,,,
132.392260096,-4.6,,,,,,
132.402380032,-4.6,,,,,,
132.412250112,-4.6,,,,,,
132.422380032,-4.6,,,,,,
132.432260096,-4.6,,,,,,
132.442390016,-4.7,,,,,,
132.45238016,-4.7,,,,,,
132.462380032,-4.7,,,,,,
132.472510208,-4.8,,,,,,
132.482380032,-4.9,,,,,,
132.492250112,-4.9,,,,,,
132.502380032,-5,,,,,,
132.51238016,-5.1,,,,,,
132.522380032,-5.1,,,,,,
132.53238016,-5.2,,,,,,
132.542390016,-5.3,,,,,,
132.552510208,-5.4,,,,,,
132.562380032,-5.4,,,,,,
132.57238016,-5.5,,,,,,
132.582390016,-5.6,,,,,,
132.59238016,-5.6,,,,,,
132.602380032,-5.6,,,,,,
132.61238016,-5.7,,,,,,
132.622380032,-5.7,,,,,,
132.632500224,-5.7,,,,,,
132.642380032,-5.8,,,,,,
132.65238016,-5.8,,,,,,
132.662380032,-5.8,,,,,,
132.672500224,-5.8,,,,,,
132.682380032,-5.8,,,,,,
132.692510208,-5.8,,,,,,
132.702380032,-5.8,,,,,,
132.712510208,-5.8,,,,,,
132.722380032,-5.8,,,,,,
132.73238016,-5.8,,,,,,
132.742380032,-5.8,,,,,,
132.752510208,-5.8,,,,,,
132.762380032,-5.8,,,,,,
132.772499968,-5.8,,,,,,
132.782380032,-5.8,,,,,,
132.79238016,-5.8,,,,,,
132.802249984,-5.8,,,,,,
132.812499968,-5.8,,,,,,
132.822380032,-5.8,,,,,,
132.832500224,-5.8,,,,,,
132.842380032,-5.8,,,,,,
132.852510208,-5.8,,,,,,
132.862380032,-5.8,,,,,,
132.87238016,-5.8,,,,,,
132.882380032,-5.8,,,,,,
132.892499968,-5.8,,,,,,
132.902370048,-5.8,,,,,,
132.912500224,-5.8,,,,,,
132.922380032,-5.8,,,,,,
132.932499968,-5.8,,,,,,
132.942380032,-5.8,,,,,,
132.952500224,-5.8,,,,,,
132.962380032,-5.8,,,,,,
132.972499968,-5.8,,,,,,
132.982370048,-5.8,,,,,,
132.992510208,-5.8,,,,,,
133.002380032,-5.8,,,,,,
133.012499968,-5.8,,,,,,
133.022500096,-5.8,,,,,,
133.032510208,-5.8,,,,,,
133.042380032,-5.8,,,,,,
133.052499968,-5.8,,,,,,
133.062500096,-5.8,,,,,,
133.072500224,-5.8,,,,,,
133.082500096,-5.8,,,,,,
133.092499968,-5.8,,,,,,
133.102370048,-5.8,,,,,,
133.112370176,-5.8,,,,,,
133.122630144,-5.8,,,,,,
133.132499968,-5.8,,,,,,
133.142630144,-5.8,,,,,,
133.152500224,-5.8,,,,,,
133.162630144,-5.8,,,,,,
133.172499968,-5.8,,,,,,
133.182370048,-5.8,,,,,,
133.192500224,-5.8,,,,,,
133.202500096,-5.8,,,,,,
133.212510208,-5.8,,,,,,
133.222630144,-5.8,,,,,,
133.232500224,-5.8,,,,,,
133.242380032,-5.8,,,,,,
133.252499968,-5.8,,,,,,
133.262630144,-5.9,,,,,,
133.272370176,-5.9,,,,,,
133.282500096,-6,,,,,,
133.292499968,-6,,,,,,
133.302630144,-6,,,,,,
133.312500224,-6.1,,,,,,
133.322380032,-6.1,,,,,,
133.332499968,-6.2,,,,,,
133.342500096,-6.3,,,,,,
133.352500224,-6.4,,,,,,
133.362500096,-6.4,,,,,,
133.372499968,-6.5,,,,,,
133.382380032,-6.6,,,,,,
133.392500224,-6.7,,,,,,
133.40262016,-6.8,,,,,,
133.412489984,-6.9,,,,,,
133.422500096,-6.9,,,,,,
133.432500224,-7,,,,,,
133.44262016,-7.1,,,,,,
133.452499968,-7.1,,,,,,
133.462380032,-7.1,,,,,,
133.472370176,-7.2,,,,,,
133.48262016,-7.2,,,,,,
133.492499968,-7.2,,,,,,
133.502490112,-7.2,,,,,,
133.512489984,-7.3,,,,,,
133.522380032,-7.3,,,,,,
133.53238016,-7.3,,,,,,
133.542500096,-7.3,,,,,,
133.55238016,-7.3,,,,,,
133.56251008,-7.3,,,,,,
133.572499968,-7.3,,,,,,
133.582500096,-7.3,,,,,,
133.59238016,-7.3,,,,,,
133.602370048,-7.3,,,,,,
133.612370176,-7.3,,,,,,
133.622500096,-7.3,,,,,,
133.632500224,-7.3,,,,,,
133.642500096,-7.3,,,,,,
133.652370176,-7.4,,,,,,
133.662630144,-7.4,,,,,,
133.672370176,-7.4,,,,,,
133.682500096,-7.4,,,,,,
133.692370176,-7.5,,,,,,
133.702500096,-7.5,,,,,,
133.712489984,-7.5,,,,,,
133.722630144,-7.6,,,,,,
133.73238016,-7.6,,,,,,
133.742630144,-7.6,,,,,,
133.752630016,-7.7,,,,,,
133.762500096,-7.7,,,,,,
133.772499968,-7.7,,,,,,
133.782490112,-7.7,,,,,,
133.792370176,-7.7,,,,,,
133.802370048,-7.7,,,,,,
133.812370176,-7.7,,,,,,
133.822500096,-7.7,,,,,,
133.832630016,-7.7,,,,,,
133.842500096,-7.7,,,,,,
133.852499968,-7.7,,,,,,
133.862500096,-7.7,,,,,,
133.872370176,-7.7,,,,,,
133.88262016,-7.7,,,,,,
133.892630016,-7.7,,,,,,
133.902500096,-7.7,,,,,,
133.912489984,-7.7,,,,,,
133.922500096,-7.8,,,,,,
133.932499968,-7.8,,,,,,
133.94262016,-7.9,,,,,,
133.952620032,-8,,,,,,
133.962500096,-8,,,,,,
133.972370176,-8,,,,,,
133.982500096,-8,,,,,,
133.992489984,-8,,,,,,
134.002490112,-8,,,,,,
134.012489984,-8,,,,,,
134.02262016,-8,,,,,,
134.032620032,-8,,,,,,
134.042490112,-8,,,,,,
134.052620032,-8,,,,,,
134.062500096,-8,,,,,,
134.072630016,-8,,,,,,
134.08262016,-8,,,,,,
134.092489984,-8,,,,,,
134.102490112,-8,,,,,,
134.112630016,-8,,,,,,
134.122490112,-8,,,,,,
134.132499968,-8,,,,,,
134.142490112,-8,,,,,,
134.152620032,-8,,,,,,
134.16262016,-8,,,,,,
134.172620032,-8.1,,,,,,
134.182490112,-8.1,,,,,,
134.192370176,-8.1,,,,,,
134.202490112,-8.1,,,,,,
134.212489984,-8.1,,,,,,
134.22262016,-8.1,,,,,,
134.232620032,-8.1,,,,,,
134.242490112,-8.1,,,,,,
134.252620032,-8.1,,,,,,
134.262490112,-8.1,,,,,,
134.272620032,-8.1,,,,,,
134.282490112,-8.1,,,,,,
134.292620032,-8.1,,,,,,
134.30262016,-8.1,,,,,,
134.312489984,-8.1,,,,,,
134.322490112,-8.1,,,,,,
134.332489984,-8.1,,,,,,
134.342490112,-8.1,,,,,,
134.352620032,-8.1,,,,,,
134.36262016,-8.1,,,,,,
134.372499968,-8.1,,,,,,
134.382490112,-8.1,,,,,,
134.392610048,-8.1,,,,,,
134.402490112,-8.1,,,,,,
134.412610048,-8.1,,,,,,
134.422490112,-8.1,,,,,,
134.432489984,-8.1,,,,,,
134.44262016,-8.1,,,,,,
134.452620032,-8.1,,,,,,
134.462490112,-8.1,,,,,,
134.472620032,-8.1,,,,,,
134.482490112,-8.1,,,,,,
134.492620032,-8.1,,,,,,
134.502610176,-8.1,,,,,,
134.512489984,-8.1,,,,,,
134.522490112,-8.1,,,,,,
134.532620032,-8.1,,,,,,
134.542490112,-8.1,,,,,,
134.552620032,-8.1,,,,,,
134.562490112,-8.1,,,,,,
134.572620032,-8.1,,,,,,
134.582610176,-8.1,,,,,,
134.592489984,-8.1,,,,,,
134.602490112,-8.1,,,,,,
134.612489984,-8.2,,,,,,
134.622490112,-8.3,,,,,,
134.632489984,-8.3,,,,,,
134.64262016,-8.5,,,,,,
134.652620032,-8.6,,,,,,
134.662490112,-8.6,,,,,,
134.672489984,-8.7,,,,,,
134.682490112,-8.7,,,,,,
134.692740096,-8.8,,,,,,
134.702610176,-8.9,,,,,,
134.712620032,-8.9,,,,,,
134.72262016,-9,,,,,,
134.732620032,-9.1,,,,,,
134.74262016,-9.1,,,,,,
134.752620032,-9.1,,,,,,
134.762490112,-9.1,,,,,,
134.772620032,-9.1,,,,,,
134.782610176,-9.2,,,,,,
134.792500224,-9.2,,,,,,
134.802490112,-9.2,,,,,,
134.812610048,-9.2,,,,,,
134.822610176,-9.3,,,,,,
134.832610048,-9.3,,,,,,
134.842490112,-9.3,,,,,,
134.852610048,-9.4,,,,,,
134.862610176,-9.4,,,,,,
134.872489984,-9.4,,,,,,
134.882490112,-9.5,,,,,,
134.892610048,-9.5,,,,,,
134.902490112,-9.5,,,,,,
134.912489984,-9.5,,,,,,
134.92262016,-9.5,,,,,,
134.932489984,-9.5,,,,,,
134.942490112,-9.5,,,,,,
134.952489984,-9.5,,,,,,
134.962490112,-9.5,,,,,,
134.972610048,-9.5,,,,,,
134.982490112,-9.5,,,,,,
134.99248,-9.5,,,,,,
135.002610176,-9.5,,,,,,
135.01248,-9.5,,,,,,
135.022490112,-9.5,,,,,,
135.032620032,-9.5,,,,,,
135.042490112,-9.5,,,,,,
135.052740096,-9.5,,,,,,
135.062610176,-9.5,,,,,,
135.072489984,-9.5,,,,,,
135.082490112,-9.5,,,,,,
135.092620032,-9.5,,,,,,
135.102480128,-9.5,,,,,,
135.112610048,-9.5,,,,,,
135.122490112,-9.5,,,,,,
135.132489984,-9.4,,,,,,
135.142610176,-9.3,,,,,,
135.152740096,-9.2,,,,,,
135.162490112,-9.1,,,,,,
135.172610048,-8.9,,,,,,
135.182490112,-8.7,,,,,,
135.19248,-8.7,,,,,,
135.202610176,-8.6,,,,,,
135.21248,-8.5,,,,,,
135.222490112,-8.4,,,,,,
135.232740096,-8.3,,,,,,
135.242490112,-8.2,,,,,,
135.252610048,-8.1,,,,,,
135.262490112,-8.1,,,,,,
135.272740096,-8.1,,,,,,
135.28262016,-8.1,,,,,,
135.292740096,-8.1,,,,,,
135.302480128,-8.1,,,,,,
135.312610048,-8.1,,,,,,
135.322480128,-8.1,,,,,,
135.332620032,-8.1,,,,,,
135.342610176,-8.1,,,,,,
135.35275008,-8.1,,,,,,
135.362490112,-8.1,,,,,,
135.372740096,-8.1,,,,,,
135.382480128,-8.1,,,,,,
135.392610048,-8.1,,,,,,
135.402480128,-8.1,,,,,,
135.412730112,-8.1,,,,,,
135.422610176,-8.1,,,,,,
135.432740096,-8.1,,,,,,
135.442490112,-8.1,,,,,,
135.452740096,-8.1,,,,,,
135.462490112,-8.1,,,,,,
135.472740096,-8.1,,,,,,
135.482610176,-8.1,,,,,,
135.492730112,-8.1,,,,,,
135.502490112,-8.1,,,,,,
135.512730112,-8.1,,,,,,
135.522490112,-8.1,,,,,,
135.532489984,-8.1,,,,,,
135.542480128,-8.1,,,,,,
135.552740096,-8.1,,,,,,
135.562610176,-8.1,,,,,,
135.572730112,-8.1,,,,,,
135.582480128,-8.1,,,,,,
135.592730112,-8.1,,,,,,
135.602480128,-8.1,,,,,,
135.612730112,-8.1,,,,,,
135.622610176,-8,,,,,,
135.632730112,-8,,,,,,
135.642480128,-8,,,,,,
135.652730112,-7.9,,,,,,
135.662480128,-7.9,,,,,,
135.672730112,-7.8,,,,,,
135.682610176,-7.7,,,,,,
135.692610048,-7.7,,,,,,
135.70262016,-7.7,,,,,,
135.712730112,-7.6,,,,,,
135.722610176,-7.6,,,,,,
135.732610048,-7.6,,,,,,
135.742610176,-7.6,,,,,,
135.752740096,-7.6,,,,,,
135.762610176,-7.6,,,,,,
135.772610048,-7.5,,,,,,
135.782610176,-7.5,,,,,,
135.792730112,-7.5,,,,,,
135.802610176,-7.5,,,,,,
135.812730112,-7.4,,,,,,
135.822610176,-7.4,,,,,,
135.832610048,-7.4,,,,,,
135.842610176,-7.4,,,,,,
135.852730112,-7.4,,,,,,
135.862610176,-7.4,,,,,,
135.872730112,-7.4,,,,,,
135.882610176,-7.4,,,,,,
135.892730112,-7.4,,,,,,
135.902610176,-7.4,,,,,,
135.912600064,-7.4,,,,,,
135.922610176,-7.4,,,,,,
135.932730112,-7.4,,,,,,
135.942610176,-7.4,,,,,,
135.952730112,-7.4,,,,,,
135.962610176,-7.4,,,,,,
135.972740096,-7.4,,,,,,
135.982610176,-7.4,,,,,,
135.992610048,-7.4,,,,,,
136.002600192,-7.4,,,,,,
136.012600064,-7.4,,,,,,
136.022610176,-7.4,,,,,,
136.032610048,-7.4,,,,,,
136.042610176,-7.4,,,,,,
136.052730112,-7.4,,,,,,
136.062610176,-7.4,,,,,,
136.072610048,-7.4,,,,,,
136.082610176,-7.4,,,,,,
136.092730112,-7.4,,,,,,
136.102610176,-7.4,,,,,,
136.112600064,-7.4,,,,,,
136.122610176,-7.4,,,,,,
136.132610048,-7.4,,,,,,
136.142610176,-7.4,,,,,,
136.152730112,-7.4,,,,,,
136.162610176,-7.4,,,,,,
136.172610048,-7.4,,,,,,
136.182600192,-7.4,,,,,,
136.192600064,-7.4,,,,,,
136.202600192,-7.4,,,,,,
136.212730112,-7.4,,,,,,
136.222610176,-7.4,,,,,,
136.232730112,-7.4,,,,,,
136.242610176,-7.4,,,,,,
136.252730112,-7.4,,,,,,
136.262610176,-7.4,,,,,,
136.272610048,-7.4,,,,,,
136.282600192,-7.4,,,,,,
136.292610048,-7.4,,,,,,
136.302610176,-7.4,,,,,,
136.312600064,-7.4,,,,,,
136.322610176,-7.4,,,,,,
136.332730112,-7.4,,,,,,
136.342600192,-7.4,,,,,,
136.352600064,-7.4,,,,,,
136.362600192,-7.4,,,,,,
136.372730112,-7.4,,,,,,
136.382610176,-7.4,,,,,,
136.392850176,-7.4,,,,,,
136.402600192,-7.4,,,,,,
136.412600064,-7.4,,,,,,
136.422600192,-7.4,,,,,,
136.432730112,-7.4,,,,,,
136.442600192,-7.4,,,,,,
136.452600064,-7.4,,,,,,
136.462600192,-7.4,,,,,,
136.472850176,-7.4,,,,,,
136.482610176,-7.4,,,,,,
136.492730112,-7.4,,,,,,
136.502600192,-7.3,,,,,,
136.512600064,-7.4,,,,,,
136.522600192,-7.3,,,,,,
136.532730112,-7.3,,,,,,
136.542600192,-7.3,,,,,,
136.552850176,-7.3,,,,,,
136.562600192,-7.2,,,,,,
136.572850176,-7.2,,,,,,
136.582600192,-7.1,,,,,,
136.59286016,-7.1,,,,,,
136.602600192,-7.1,,,,,,
136.612850176,-7,,,,,,
136.622600192,-7,,,,,,
136.632730112,-6.9,,,,,,
136.642600192,-6.9,,,,,,
136.652730112,-6.9,,,,,,
136.662600192,-6.9,,,,,,
136.672730112,-6.8,,,,,,
136.682610176,-6.8,,,,,,
136.692850176,-6.8,,,,,,
136.702600192,-6.7,,,,,,
136.712600064,-6.7,,,,,,
136.722600192,-6.6,,,,,,
136.732850176,-6.6,,,,,,
136.742600192,-6.5,,,,,,
136.752730112,-6.5,,,,,,
136.762600192,-6.5,,,,,,
136.772600064,-6.4,,,,,,
136.782600192,-6.3,,,,,,
136.792850176,-6.3,,,,,,
136.802600192,-6.2,,,,,,
136.812850176,-6.1,,,,,,
136.822600192,-6,,,,,,
136.832740096,-5.9,,,,,,
136.842600192,-5.8,,,,,,
136.852730112,-5.7,,,,,,
136.862600192,-5.7,,,,,,
136.872850176,-5.6,,,,,,
136.882600192,-5.4,,,,,,
136.892850176,-5.4,,,,,,
136.902600192,-5.3,,,,,,
136.912850176,-5.2,,,,,,
136.922600192,-5.2,,,,,,
136.932600064,-5.1,,,,,,
136.942600192,-5.1,,,,,,
136.952730112,-5.1,,,,,,
136.962600192,-5,,,,,,
136.972730112,-4.9,,,,,,
136.982600192,-4.8,,,,,,
136.992850176,-4.7,,,,,,
137.002600192,-4.6,,,,,,
137.012850176,-4.5,,,,,,
137.022600192,-4.5,,,,,,
137.032730112,-4.4,,,,,,
137.042600192,-4.4,,,,,,
137.052850176,-4.3,,,,,,
137.062600192,-4.3,,,,,,
137.072850176,-4.2,,,,,,
137.08272,-4.2,,,,,,
137.092850176,-4.2,,,,,,
137.10272,-4.1,,,,,,
137.112730112,-4,,,,,,
137.122729984,-4,,,,,,
137.132730112,-3.9,,,,,,
137.142729984,-3.8,,,,,,
137.152720128,-3.7,,,,,,
137.162729984,-3.6,,,,,,
137.172730112,-3.6,,,,,,
137.182729984,-3.5,,,,,,
137.192730112,-3.5,,,,,,
137.202729984,-3.5,,,,,,
137.212850176,-3.5,,,,,,
137.22272,-3.5,,,,,,
137.232720128,-3.5,,,,,,
137.24272,-3.5,,,,,,
137.252720128,-3.5,,,,,,
137.26272,-3.5,,,,,,
137.272850176,-3.5,,,,,,
137.28272,-3.5,,,,,,
137.292720128,-3.5,,,,,,
137.30272,-3.5,,,,,,
137.312720128,-3.5,,,,,,
137.32272,-3.5,,,,,,
137.332850176,-3.5,,,,,,
137.342729984,-3.5,,,,,,
137.352850176,-3.5,,,,,,
137.36272,-3.5,,,,,,
137.372850176,-3.5,,,,,,
137.38272,-3.5,,,,,,
137.392720128,-3.5,,,,,,
137.40272,-3.5,,,,,,
137.412840192,-3.5,,,,,,
137.422729984,-3.5,,,,,,
137.432720128,-3.5,,,,,,
137.44272,-3.5,,,,,,
137.452730112,-3.5,,,,,,
137.46272,-3.5,,,,,,
137.472720128,-3.5,,,,,,
137.482729984,-3.5,,,,,,
137.492850176,-3.5,,,,,,
137.50272,-3.5,,,,,,
137.512720128,-3.5,,,,,,
137.52272,-3.5,,,,,,
137.532720128,-3.5,,,,,,
137.54272,-3.5,,,,,,
137.552850176,-3.5,,,,,,
137.562729984,-3.5,,,,,,
137.572720128,-3.5,,,,,,
137.58272,-3.5,,,,,,
137.592720128,-3.5,,,,,,
137.60272,-3.5,,,,,,
137.612720128,-3.5,,,,,,
137.62272,-3.5,,,,,,
137.632720128,-3.5,,,,,,
137.64272,-3.5,,,,,,
137.652730112,-3.5,,,,,,
137.66272,-3.6,,,,,,
137.672720128,-3.6,,,,,,
137.68272,-3.7,,,,,,
137.692840192,-3.8,,,,,,
137.70272,-3.9,,,,,,
137.712720128,-4,,,,,,
137.72272,-4.1,,,,,,
137.732720128,-4.2,,,,,,
137.74272,-4.3,,,,,,
137.752720128,-4.4,,,,,,
137.76272,-4.5,,,,,,
137.772850176,-4.7,,,,,,
137.78272,-4.8,,,,,,
137.792720128,-4.9,,,,,,
137.80272,-5.1,,,,,,
137.812969984,-5.2,,,,,,
137.82272,-5.4,,,,,,
137.832850176,-5.4,,,,,,
137.84272,-5.5,,,,,,
137.852840192,-5.6,,,,,,
137.86272,-5.7,,,,,,
137.872720128,-5.7,,,,,,
137.88272,-5.7,,,,,,
137.892720128,-5.7,,,,,,
137.90272,-5.7,,,,,,
137.912710144,-5.7,,,,,,
137.92272,-5.7,,,,,,
137.932720128,-5.7,,,,,,
137.94272,-5.7,,,,,,
137.952720128,-5.7,,,,,,
137.96272,-5.7,,,,,,
137.972840192,-5.7,,,,,,
137.98272,-5.6,,,,,,
137.992720128,-5.5,,,,,,
138.00272,-5.4,,,,,,
138.012850176,-5.2,,,,,,
138.02272,-5.1,,,,,,
138.032720128,-5.1,,,,,,
138.04272,-5,,,,,,
138.052720128,-4.9,,,,,,
138.06272,-4.8,,,,,,
138.072720128,-4.8,,,,,,
138.082710016,-4.7,,,,,,
138.092720128,-4.6,,,,,,
138.10272,-4.5,,,,,,
138.112710144,-4.4,,,,,,
138.12272,-4.3,,,,,,
138.132720128,-4.3,,,,,,
138.14272,-4.3,,,,,,
138.152720128,-4.3,,,,,,
138.16272,-4.2,,,,,,
138.172969984,-4.3,,,,,,
138.18272,-4.2,,,,,,
138.192710144,-4.1,,,,,,
138.20272,-4.1,,,,,,
138.212840192,-4.1,,,,,,
138.22272,-4,,,,,,
138.232720128,-4,,,,,,
138.24272,-4,,,,,,
138.252840192,-4,,,,,,
138.26272,-4,,,,,,
138.272720128,-4,,,,,,
138.28272,-4,,,,,,
138.292710144,-4,,,,,,
138.302710016,-4,,,,,,
138.312710144,-3.9,,,,,,
138.32272,-3.9,,,,,,
138.332720128,-3.9,,,,,,
138.34272,-3.9,,,,,,
138.352720128,-3.8,,,,,,
138.36272,-3.7,,,,,,
138.372720128,-3.6,,,,,,
138.38272,-3.6,,,,,,
138.392720128,-3.5,,,,,,
138.402710016,-3.4,,,,,,
138.412710144,-3.3,,,,,,
138.42272,-3.2,,,,,,
138.432840192,-3.2,,,,,,
138.442840064,-3.1,,,,,,
138.452840192,-3,,,,,,
138.462840064,-2.9,,,,,,
138.472840192,-2.9,,,,,,
138.482840064,-2.9,,,,,,
138.49296,-2.8,,,,,,
138.502840064,-2.8,,,,,,
138.512840192,-2.7,,,,,,
138.522840064,-2.6,,,,,,
138.532840192,-2.6,,,,,,
138.542850048,-2.6,,,,,,
138.552840192,-2.5,,,,,,
138.562840064,-2.5,,,,,,
138.572840192,-2.5,,,,,,
138.582840064,-2.4,,,,,,
138.592840192,-2.3,,,,,,
138.602840064,-2.2,,,,,,
138.612969984,-2.2,,,,,,
138.622840064,-2.1,,,,,,
138.632840192,-2.1,,,,,,
138.642840064,-2.1,,,,,,
138.652840192,-2,,,,,,
138.662840064,-1.9,,,,,,
138.672840192,-1.8,,,,,,
138.682840064,-1.8,,,,,,
138.692840192,-1.6,,,,,,
138.702850048,-1.5,,,,,,
138.712840192,-1.4,,,,,,
138.722840064,-1.2,,,,,,
138.73296,-1.1,,,,,,
138.742840064,-0.9,,,,,,
138.752840192,-0.7,,,,,,
138.762840064,-0.5,,,,,,
138.772840192,-0.4,,,,,,
138.782840064,-0.1,,,,,,
138.792840192,0,,,,,,
138.802840064,0.1,,,,,,
138.812840192,0.2,,,,,,
138.822840064,0.2,,,,,,
138.832840192,0.3,,,,,,
138.842840064,0.3,,,,,,
138.852840192,0.3,,,,,,
138.862840064,0.4,,,,,,
138.872840192,0.4,,,,,,
138.882840064,0.4,,,,,,
138.892840192,0.4,,,,,,
138.902840064,0.5,,,,,,
138.912830208,0.5,,,,,,
138.922840064,0.5,,,,,,
138.932840192,0.5,,,,,,
138.942840064,0.5,,,,,,
138.952840192,0.5,,,,,,
138.962840064,0.6,,,,,,
138.972840192,0.6,,,,,,
138.982840064,0.6,,,,,,
138.992840192,0.6,,,,,,
139.00283008,0.7,,,,,,
139.01296,0.7,,,,,,
139.022840064,0.7,,,,,,
139.032840192,0.7,,,,,,
139.042840064,0.7,,,,,,
139.052840192,0.7,,,,,,
139.062840064,0.7,,,,,,
139.072840192,0.7,,,,,,
139.082840064,0.7,,,,,,
139.092830208,0.7,,,,,,
139.102840064,0.7,,,,,,
139.112830208,0.7,,,,,,
139.122840064,0.7,,,,,,
139.132840192,0.7,,,,,,
139.142840064,0.7,,,,,,
139.152840192,0.8,,,,,,
139.162840064,0.8,,,,,,
139.172840192,0.9,,,,,,
139.182840064,1,,,,,,
139.192830208,1,,,,,,
139.20283008,1,,,,,,
139.212830208,1,,,,,,
139.222840064,1,,,,,,
139.232840192,1,,,,,,
139.242840064,1,,,,,,
139.252840192,1,,,,,,
139.26283008,1,,,,,,
139.272840192,1,,,,,,
139.282840064,1,,,,,,
139.292840192,0.9,,,,,,
139.30283008,0.9,,,,,,
139.312830208,0.8,,,,,,
139.322840064,0.7,,,,,,
139.332840192,0.7,,,,,,
139.342840064,0.6,,,,,,
139.352840192,0.4,,,,,,
139.36283008,0.3,,,,,,
139.37296,0.2,,,,,,
139.382860032,0,,,,,,
139.392830208,-0.1,,,,,,
139.402850048,-0.3,,,,,,
139.41296,-0.4,,,,,,
139.422840064,-0.5,,,,,,
139.432830208,-0.6,,,,,,
139.442840064,-0.7,,,,,,
139.452840192,-0.8,,,,,,
139.46283008,-0.8,,,,,,
139.472830208,-0.8,,,,,,
139.48283008,-0.8,,,,,,
139.492830208,-0.8,,,,,,
139.50283008,-0.9,,,,,,
139.512830208,-0.9,,,,,,
139.522840064,-1,,,,,,
139.532830208,-1.1,,,,,,
139.54283008,-1.1,,,,,,
139.552840192,-1.2,,,,,,
139.562840064,-1.3,,,,,,
139.57296,-1.4,,,,,,
139.582840064,-1.5,,,,,,
139.592840192,-1.7,,,,,,
139.60283008,-1.8,,,,,,
139.612950016,-1.9,,,,,,
139.622840064,-2.1,,,,,,
139.632840192,-2.2,,,,,,
139.64283008,-2.4,,,,,,
139.652830208,-2.5,,,,,,
139.662840064,-2.7,,,,,,
139.672830208,-2.8,,,,,,
139.68283008,-2.9,,,,,,
139.692830208,-3.1,,,,,,
139.70283008,-3.2,,,,,,
139.712830208,-3.3,,,,,,
139.722840064,-3.5,,,,,,
139.73296,-3.6,,,,,,
139.74283008,-3.6,,,,,,
139.752830208,-3.7,,,,,,
139.762840064,-3.7,,,,,,
139.772830208,-3.8,,,,,,
139.782840064,-3.8,,,,,,
139.792830208,-3.8,,,,,,
139.80283008,-3.8,,,,,,
139.812830208,-3.8,,,,,,
139.822840064,-3.8,,,,,,
139.83296,-3.8,,,,,,
139.842960128,-3.8,,,,,,
139.85296,-3.8,,,,,,
139.86283008,-3.8,,,,,,
139.87296,-3.8,,,,,,
139.882960128,-3.8,,,,,,
139.89296,-3.9,,,,,,
139.902950144,-4,,,,,,
139.912950016,-4,,,,,,
139.922960128,-4.1,,,,,,
139.93296,-4.3,,,,,,
139.942960128,-4.4,,,,,,
139.95296,-4.4,,,,,,
139.962960128,-4.4,,,,,,
139.97296,-4.4,,,,,,
139.982960128,-4.4,,,,,,
139.992950016,-4.4,,,,,,
140.002970112,-4.4,,,,,,
140.012950016,-4.4,,,,,,
140.022960128,-4.4,,,,,,
140.03296,-4.4,,,,,,
140.042960128,-4.5,,,,,,
140.05296,-4.5,,,,,,
140.062960128,-4.6,,,,,,
140.07296,-4.6,,,,,,
140.082950144,-4.6,,,,,,
140.092950016,-4.6,,,,,,
140.102950144,-4.6,,,,,,
140.112950016,-4.6,,,,,,
140.122960128,-4.6,,,,,,
140.13296,-4.6,,,,,,
140.142960128,-4.6,,,,,,
140.152950016,-4.6,,,,,,
140.162960128,-4.6,,,,,,
140.17296,-4.6,,,,,,
140.182960128,-4.6,,,,,,
140.19296,-4.6,,,,,,
140.202960128,-4.6,,,,,,
140.212950016,-4.6,,,,,,
140.222960128,-4.6,,,,,,
140.23296,-4.6,,,,,,
140.242950144,-4.5,,,,,,
140.25296,-4.5,,,,,,
140.262950144,-4.4,,,,,,
140.272950016,-4.4,,,,,,
140.282960128,-4.3,,,,,,
140.292950016,-4.3,,,,,,
140.302970112,-4.3,,,,,,
140.312950016,-4.3,,,,,,
140.322960128,-4.3,,,,,,
140.33296,-4.3,,,,,,
140.342960128,-4.3,,,,,,
140.35296,-4.3,,,,,,
140.362950144,-4.3,,,,,,
140.372950016,-4.3,,,,,,
140.382950144,-4.3,,,,,,
140.392950016,-4.3,,,,,,
140.402950144,-4.3,,,,,,
140.412950016,-4.3,,,,,,
140.422970112,-4.3,,,,,,
140.432950016,-4.3,,,,,,
140.442960128,-4.3,,,,,,
140.45296,-4.3,,,,,,
140.462950144,-4.2,,,,,,
140.472950016,-4.2,,,,,,
140.482950144,-4.1,,,,,,
140.49296,-4.1,,,,,,
140.502970112,-4,,,,,,
140.51296,-4,,,,,,
140.522960128,-4,,,,,,
140.532950016,-4,,,,,,
140.542950144,-3.9,,,,,,
140.55296,-3.8,,,,,,
140.562960128,-3.7,,,,,,
140.572950016,-3.6,,,,,,
140.582960128,-3.6,,,,,,
140.592950016,-3.5,,,,,,
140.602950144,-3.4,,,,,,
140.612950016,-3.4,,,,,,
140.622960128,-3.3,,,,,,
140.632950016,-3.3,,,,,,
140.642950144,-3.3,,,,,,
140.652950016,-3.2,,,,,,
140.662960128,-3.2,,,,,,
140.672950016,-3.2,,,,,,
140.682950144,-3.2,,,,,,
140.69296,-3.2,,,,,,
140.702960128,-3.2,,,,,,
140.712950016,-3.2,,,,,,
140.722960128,-3.2,,,,,,
140.732950016,-3.2,,,,,,
140.742950144,-3.2,,,,,,
140.752950016,-3.2,,,,,,
140.762960128,-3.2,,,,,,
140.772950016,-3.2,,,,,,
140.782950144,-3.2,,,,,,
140.792950016,-3.2,,,,,,
140.802950144,-3.2,,,,,,
140.812950016,-3.2,,,,,,
140.822960128,-3.2,,,,,,
140.832950016,-3.2,,,,,,
140.842950144,-3.2,,,,,,
140.852950016,-3.2,,,,,,
140.862960128,-3.2,,,,,,
140.872950016,-3.2,,,,,,
140.882950144,-3.2,,,,,,
140.892950016,-3.2,,,,,,
140.902950144,-3.1,,,,,,
140.912950016,-3.1,,,,,,
140.922950144,-3,,,,,,
140.932950016,-3,,,,,,
140.942950144,-3,,,,,,
140.952950016,-3,,,,,,
140.962950144,-2.9,,,,,,
140.972950016,-2.9,,,,,,
140.982950144,-2.9,,,,,,
140.992950016,-2.9,,,,,,
