time	angle	speed	accelerator position
120.00	-6.9	46.68125	7
120.01	-6.9	46.68125	7
120.02	-6.9	46.68125	7
120.03	-6.9	46.68125	7
120.04	-6.9	46.68125	7
120.05	-6.9	46.75	7
120.06	-6.9	46.75	7
120.07	-6.9	46.81875	7
120.08	-6.8	46.81875	7
120.09	-6.8	46.68125	7
120.10	-6.8	46.68125	7
120.11	-6.8	46.54375	7
120.12	-6.8	46.54375	7
120.13	-6.8	46.54375	7
120.14	-6.8	46.54375	7
120.15	-6.7	46.68125	7
120.16	-6.8	46.68125	7
120.17	-6.8	46.75	7
120.18	-6.8	46.75	7
120.19	-6.8	46.75	7
120.20	-6.7	46.75	7
120.21	-6.7	46.75	7
120.22	-6.7	46.75	7
120.23	-6.8	46.75	7
120.24	-6.7	46.75	7
120.25	-6.8	46.68125	7
120.26	-6.7	46.68125	7
120.27	-6.7	46.68125	7
120.28	-6.7	46.68125	7
120.29	-6.7	46.6125	7
120.30	-6.6	46.6125	7
120.31	-6.6	46.75	7
120.32	-6.6	46.75	7
120.33	-6.6	46.75	7
120.34	-6.5	46.75	7
120.35	-6.5	46.81875	7
120.36	-6.5	46.81875	7
120.37	-6.5	46.81875	7
120.38	-6.5	46.81875	7
120.39	-6.4	46.8875	7
120.40	-6.4	46.8875	7
120.41	-6.3	46.8875	10
120.42	-6.3	46.8875	10
120.43	-6.2	46.8875	10
120.44	-6.2	46.8875	10
120.45	-6.1	46.81875	10
120.46	-6	46.81875	10
120.47	-6	46.75	10
120.48	-5.9	46.75	10
120.49	-5.8	46.95625	10
120.50	-5.8	46.95625	10
120.51	-5.8	46.8875	11
120.52	-5.8	46.8875	11
120.53	-5.8	46.81875	11
120.54	-5.7	46.81875	11
120.55	-5.7	46.81875	11
120.56	-5.7	46.81875	11
120.57	-5.7	46.95625	11
120.58	-5.7	46.95625	11
120.59	-5.7	47.025	11
120.60	-5.7	47.025	11
120.61	-5.7	47.025	11
120.62	-5.7	47.025	11
120.63	-5.7	46.75	11
120.64	-5.6	46.75	11
120.65	-5.6	46.81875	11
120.66	-5.5	46.81875	11
120.67	-5.5	46.8875	11
120.68	-5.4	46.8875	11
120.69	-5.4	46.8875	11
120.70	-5.4	46.8875	11
120.71	-5.4	46.95625	11
120.72	-5.3	46.95625	11
120.73	-5.2	47.025	11
120.74	-5.1	47.025	11
120.75	-5.1	47.09375	11
120.76	-5	47.09375	11
120.77	-4.9	47.025	11
120.78	-4.8	47.025	11
120.79	-4.8	47.025	11
120.80	-4.7	47.025	11
120.81	-4.6	46.95625	10
120.82	-4.6	46.95625	10
120.83	-4.5	47.025	10
120.84	-4.5	47.025	10
120.85	-4.5	47.025	10
120.86	-4.5	47.025	10
120.87	-4.5	47.025	10
120.88	-4.5	47.025	10
120.89	-4.5	47.025	10
120.90	-4.5	47.025	10
120.91	-4.5	47.025	10
120.92	-4.5	47.025	10
120.93	-4.5	47.1625	10
120.94	-4.5	47.1625	10
120.95	-4.5	47.09375	10
120.96	-4.5	47.09375	10
120.97	-4.5	46.95625	10
120.98	-4.5	46.95625	10
120.99	-4.5	46.95625	10
121.00	-4.5	46.95625	10
121.01	-4.5	47.025	4
121.02	-4.5	47.025	4
121.03	-4.5	47.025	4
121.04	-4.5	47.025	4
121.05	-4.5	47.025	4
121.06	-4.5	47.025	4
121.07	-4.5	47.09375	4
121.08	-4.5	47.09375	4
121.09	-4.6	47.09375	4
121.10	-4.6	47.09375	4
121.11	-4.6	47.025	3
121.12	-4.7	47.025	3
121.13	-4.7	46.8875	3
121.14	-4.7	46.8875	3
121.15	-4.7	46.81875	3
121.16	-4.7	46.81875	3
121.17	-4.7	47.025	3
121.18	-4.7	47.025	3
121.19	-4.8	47.025	3
121.20	-4.8	47.025	3
121.21	-4.9	47.025	2
121.22	-4.9	47.025	2
121.23	-5	47.025	2
121.24	-5	47.025	2
121.25	-5.1	47.025	2
121.26	-5.1	47.025	2
121.27	-5.1	47.025	2
121.28	-5.2	47.025	2
121.29	-5.2	47.025	2
121.30	-5.3	47.025	2
121.31	-5.3	47.025	2
121.32	-5.4	47.025	2
121.33	-5.4	46.95625	2
121.34	-5.4	46.95625	2
121.35	-5.4	47.025	2
121.36	-5.4	47.025	2
121.37	-5.5	47.025	2
121.38	-5.5	47.025	2
121.39	-5.5	47.025	2
121.40	-5.5	47.025	2
121.41	-5.5	47.025	2
121.42	-5.5	47.025	2
121.43	-5.5	47.09375	2
121.44	-5.5	47.09375	2
121.45	-5.5	47.09375	2
121.46	-5.5	47.09375	2
121.47	-5.5	47.025	2
121.48	-5.5	47.025	2
121.49	-5.5	46.8875	2
121.50	-5.5	46.8875	2
121.51	-5.5	46.95625	8
121.52	-5.5	46.95625	8
121.53	-5.5	47.025	8
121.54	-5.5	47.025	8
121.55	-5.5	47.1625	8
121.56	-5.5	47.1625	8
121.57	-5.5	47.23125	8
121.58	-5.5	47.23125	8
121.59	-5.5	47.23125	8
121.60	-5.5	47.23125	8
121.61	-5.5	47.3	8
121.62	-5.5	47.3	8
121.63	-5.5	47.23125	8
121.64	-5.5	47.23125	8
121.65	-5.5	47.09375	8
121.66	-5.5	47.09375	8
121.67	-5.5	47.025	8
121.68	-5.5	47.025	8
121.69	-5.5	47.23125	8
121.70	-5.5	47.23125	8
121.71	-5.5	47.3	8
121.72	-5.5	47.3	8
121.73	-5.5	47.23125	8
121.74	-5.5	47.23125	8
121.75	-5.5	47.23125	8
121.76	-5.5	47.23125	8
121.77	-5.5	47.3	8
121.78	-5.5	47.3	8
121.79	-5.5	47.3	8
121.80	-5.5	47.3	8
121.81	-5.5	47.1625	8
121.82	-5.5	47.1625	8
121.83	-5.5	47.025	8
121.84	-5.5	47.025	8
121.85	-5.5	47.1625	8
121.86	-5.5	47.1625	8
121.87	-5.5	47.23125	8
121.88	-5.5	47.23125	8
121.89	-5.4	47.23125	8
121.90	-5.4	47.23125	8
121.91	-5.4	47.3	8
121.92	-5.3	47.3	8
121.93	-5.3	47.3	8
121.94	-5.2	47.3	8
121.95	-5.2	47.3	8
121.96	-5.2	47.3	8
121.97	-5.1	47.23125	8
121.98	-5.1	47.23125	8
121.99	-5.1	47.23125	8
122.00	-5	47.23125	8
122.01	-5	47.3	8
122.02	-4.9	47.3	8
122.03	-4.9	47.4375	8
122.04	-4.9	47.4375	8
122.05	-4.9	47.50625	8
122.06	-4.8	47.50625	8
122.07	-4.8	47.4375	8
122.08	-4.8	47.4375	8
122.09	-4.8	47.50625	8
122.10	-4.8	47.50625	8
122.11	-4.8	47.4375	9
122.12	-4.8	47.4375	9
122.13	-4.8	47.36875	9
122.14	-4.8	47.36875	9
122.15	-4.8	47.4375	9
122.16	-4.8	47.4375	9
122.17	-4.8	47.3	9
122.18	-4.8	47.3	9
122.19	-4.8	47.4375	9
122.20	-4.8	47.4375	9
122.21	-4.8	47.4375	8
122.22	-4.8	47.4375	8
122.23	-4.8	47.36875	8
122.24	-4.8	47.36875	8
122.25	-4.8	47.36875	8
122.26	-4.8	47.36875	8
122.27	-4.8	47.4375	8
122.28	-4.8	47.4375	8
122.29	-4.8	47.575	8
122.30	-4.8	47.575	8
122.31	-4.8	47.575	7
122.32	-4.8	47.575	7
122.33	-4.8	47.4375	7
122.34	-4.8	47.4375	7
122.35	-4.8	47.36875	7
122.36	-4.8	47.36875	7
122.37	-4.8	47.50625	7
122.38	-4.8	47.50625	7
122.39	-4.8	47.4375	7
122.40	-4.8	47.4375	7
122.41	-4.8	47.4375	7
122.42	-4.8	47.4375	7
122.43	-4.8	47.64375	7
122.44	-4.8	47.64375	7
122.45	-4.8	47.64375	7
122.46	-4.8	47.64375	7
122.47	-4.8	47.64375	7
122.48	-4.8	47.64375	7
122.49	-4.8	47.36875	7
122.50	-4.8	47.36875	7
122.51	-4.8	47.23125	4
122.52	-4.8	47.23125	4
122.53	-4.8	47.4375	4
122.54	-4.8	47.4375	4
122.55	-4.9	47.50625	4
122.56	-4.9	47.50625	4
122.57	-4.9	47.575	4
122.58	-4.9	47.575	4
122.59	-4.9	47.575	4
122.60	-5	47.575	4
122.61	-5.1	47.575	4
122.62	-5.1	47.575	4
122.63	-5.1	47.64375	4
122.64	-5.1	47.64375	4
122.65	-5.1	47.50625	4
122.66	-5.1	47.50625	4
122.67	-5.1	47.575	4
122.68	-5.1	47.575	4
122.69	-5.1	47.50625	4
122.70	-5.2	47.50625	4
122.71	-5.2	47.64375	4
122.72	-5.2	47.64375	4
122.73	-5.2	47.64375	4
122.74	-5.2	47.64375	4
122.75	-5.2	47.64375	4
122.76	-5.2	47.64375	4
122.77	-5.2	47.64375	4
122.78	-5.2	47.64375	4
122.79	-5.2	47.7125	4
122.80	-5.2	47.7125	4
122.81	-5.2	47.7125	4
122.82	-5.2	47.7125	4
122.83	-5.2	47.64375	4
122.84	-5.2	47.64375	4
122.85	-5.2	47.50625	4
122.86	-5.2	47.50625	4
122.87	-5.3	47.575	4
122.88	-5.4	47.575	4
122.89	-5.4	47.64375	4
122.90	-5.5	47.64375	4
122.91	-5.5	47.7125	4
122.92	-5.7	47.7125	4
122.93	-5.7	47.7125	4
122.94	-5.8	47.7125	4
122.95	-5.8	47.7125	4
122.96	-5.8	47.7125	4
122.97	-5.8	47.7125	4
122.98	-5.8	47.7125	4
122.99	-5.8	47.64375	4
123.00	-5.8	47.64375	4
123.01	-5.8	47.64375	4
123.02	-5.8	47.64375	4
123.03	-5.8	47.575	4
123.04	-5.8	47.575	4
123.05	-5.9	47.7125	4
123.06	-5.9	47.7125	4
123.07	-5.9	47.78125	4
123.08	-5.9	47.78125	4
123.09	-6	47.78125	4
123.10	-6	47.78125	4
123.11	-6	47.64375	4
123.12	-6	47.64375	4
123.13	-6	47.64375	4
123.14	-6	47.64375	4
123.15	-6.1	47.64375	4
123.16	-6.1	47.64375	4
123.17	-6.1	47.7125	4
123.18	-6.2	47.7125	4
123.19	-6.2	47.50625	4
123.20	-6.2	47.50625	4
123.21	-6.2	47.64375	4
123.22	-6.2	47.64375	4
123.23	-6.2	47.7125	4
123.24	-6.2	47.7125	4
123.25	-6.2	47.78125	4
123.26	-6.2	47.78125	4
123.27	-6.2	47.85	4
123.28	-6.2	47.85	4
123.29	-6.2	47.91875	4
123.30	-6.2	47.91875	4
123.31	-6.2	47.91875	6
123.32	-6.2	47.91875	6
123.33	-6.2	47.91875	6
123.34	-6.2	47.91875	6
123.35	-6.2	47.85	6
123.36	-6.2	47.85	6
123.37	-6.3	47.78125	6
123.38	-6.3	47.78125	6
123.39	-6.4	47.91875	6
123.40	-6.5	47.91875	6
123.41	-6.5	47.9875	6
123.42	-6.6	47.9875	6
123.43	-6.7	48.05625	6
123.44	-6.7	48.05625	6
123.45	-6.7	48.125	6
123.46	-6.7	48.125	6
123.47	-6.7	48.125	6
123.48	-6.7	48.125	6
123.49	-6.7	47.91875	6
123.50	-6.7	47.91875	6
123.51	-6.8	47.91875	6
123.52	-6.8	47.91875	6
123.53	-6.9	48.125	6
123.54	-6.9	48.125	6
123.55	-6.9	48.2625	6
123.56	-6.9	48.2625	6
123.57	-7	48.2625	6
123.58	-7	48.2625	6
123.59	-7.1	48.19375	6
123.60	-7.2	48.19375	6
123.61	-7.2	48.2625	6
123.62	-7.3	48.2625	6
123.63	-7.3	48.2625	6
123.64	-7.4	48.2625	6
123.65	-7.5	48.2625	6
123.66	-7.6	48.2625	6
123.67	-7.7	48.2625	6
123.68	-7.8	48.2625	6
123.69	-8	48.2625	6
123.70	-8.1	48.2625	6
123.71	-8.2	48.4	10
123.72	-8.3	48.4	10
123.73	-8.3	48.46875	10
123.74	-8.3	48.46875	10
123.75	-8.3	48.2625	10
123.76	-8.3	48.2625	10
123.77	-8.3	48.2625	10
123.78	-8.3	48.2625	10
123.79	-8.3	48.46875	10
123.80	-8.3	48.46875	10
123.81	-8.3	48.60625	10
123.82	-8.3	48.60625	10
123.83	-8.3	48.5375	10
123.84	-8.3	48.5375	10
123.85	-8.3	48.4	10
123.86	-8.3	48.4	10
123.87	-8.3	48.33125	10
123.88	-8.3	48.33125	10
123.89	-8.4	48.5375	10
123.90	-8.4	48.5375	10
123.91	-8.4	48.60625	11
123.92	-8.4	48.60625	11
123.93	-8.4	48.60625	11
123.94	-8.4	48.60625	11
123.95	-8.4	48.60625	11
123.96	-8.4	48.60625	11
123.97	-8.4	48.60625	11
123.98	-8.4	48.60625	11
123.99	-8.4	48.60625	11
124.00	-8.5	48.60625	11
124.01	-8.6	48.60625	11
124.02	-8.7	48.60625	11
124.03	-8.8	48.5375	11
124.04	-8.9	48.5375	11
124.05	-9.1	48.675	11
124.06	-9.2	48.675	11
124.07	-9.4	48.8125	11
124.08	-9.5	48.8125	11
124.09	-9.7	48.8125	11
124.10	-9.9	48.8125	11
124.11	-10.1	48.74375	9
124.12	-10.2	48.74375	9
124.13	-10.5	48.74375	9
124.14	-10.6	48.74375	9
124.15	-10.8	48.74375	9
124.16	-11	48.74375	9
124.17	-11.2	48.675	9
124.18	-11.4	48.675	9
124.19	-11.6	48.60625	9
124.20	-11.7	48.60625	9
124.21	-11.8	48.88125	9
124.22	-11.9	48.88125	9
124.23	-12	48.95	9
124.24	-12.1	48.95	9
124.25	-12.2	48.88125	9
124.26	-12.3	48.88125	9
124.27	-12.4	48.95	9
124.28	-12.5	48.95	9
124.29	-12.5	48.95	9
124.30	-12.5	48.95	9
124.31	-12.5	49.01875	9
124.32	-12.5	49.01875	9
124.33	-12.6	48.88125	9
124.34	-12.6	48.88125	9
124.35	-12.6	48.88125	9
124.36	-12.7	48.88125	9
124.37	-12.7	48.8125	9
124.38	-12.7	48.8125	9
124.39	-12.8	48.88125	9
124.40	-12.7	48.88125	9
124.41	-12.8	48.88125	9
124.42	-12.7	48.88125	9
124.43	-12.8	48.95	9
124.44	-12.7	48.95	9
124.45	-12.8	49.0875	9
124.46	-12.7	49.0875	9
124.47	-12.8	49.0875	9
124.48	-12.7	49.0875	9
124.49	-12.7	48.95	9
124.50	-12.7	48.95	9
124.51	-12.7	48.88125	4
124.52	-12.7	48.88125	4
124.53	-12.7	48.88125	4
124.54	-12.7	48.88125	4
124.55	-12.7	49.01875	4
124.56	-12.7	49.01875	4
124.57	-12.7	49.0875	4
124.58	-12.6	49.0875	4
124.59	-12.4	49.01875	4
124.60	-12.2	49.01875	4
124.61	-12	49.0875	4
124.62	-11.6	49.0875	4
124.63	-11.4	49.15625	4
124.64	-11.1	49.15625	4
124.65	-10.9	49.15625	4
124.66	-10.6	49.15625	4
124.67	-10.4	49.01875	4
124.68	-10.1	49.01875	4
124.69	-9.9	49.01875	4
124.70	-9.7	49.01875	4
124.71	-9.5	49.15625	4
124.72	-9.4	49.15625	4
124.73	-9.4	49.15625	4
124.74	-9.3	49.15625	4
124.75	-9.2	49.15625	4
124.76	-9.2	49.15625	4
124.77	-9.2	49.225	4
124.78	-9.1	49.225	4
124.79	-9.1	49.225	4
124.80	-9.1	49.225	4
124.81	-9.1	49.15625	4
124.82	-9.1	49.15625	4
124.83	-9	49.15625	4
124.84	-9	49.15625	4
124.85	-9	49.01875	4
124.86	-9	49.01875	4
124.87	-9	49.0875	4
124.88	-9	49.0875	4
124.89	-9	49.15625	4
124.90	-9	49.15625	4
124.91	-9	49.15625	3
124.92	-9	49.15625	3
124.93	-9	49.15625	3
124.94	-9	49.15625	3
124.95	-9	49.15625	3
124.96	-9	49.15625	3
124.97	-9	49.15625	3
124.98	-9	49.15625	3
124.99	-9	49.15625	3
125.00	-9	49.15625	3
125.01	-9	49.0875	3
125.02	-9	49.0875	3
125.03	-9	49.0875	3
125.04	-9	49.0875	3
125.05	-9	49.15625	3
125.06	-9	49.15625	3
125.07	-9.1	49.15625	3
125.08	-9	49.15625	3
125.09	-9	49.225	3
125.10	-9	49.225	3
125.11	-9.1	49.225	4
125.12	-9.1	49.225	4
125.13	-9.1	49.225	4
125.14	-9.1	49.225	4
125.15	-9.2	49.15625	4
125.16	-9.3	49.15625	4
125.17	-9.4	49.15625	4
125.18	-9.4	49.15625	4
125.19	-9.4	49.0875	4
125.20	-9.4	49.0875	4
125.21	-9.4	49.15625	4
125.22	-9.4	49.15625	4
125.23	-9.4	49.225	4
125.24	-9.4	49.225	4
125.25	-9.4	49.3625	4
125.26	-9.4	49.3625	4
125.27	-9.4	49.3625	4
125.28	-9.4	49.3625	4
125.29	-9.4	49.3625	4
125.30	-9.4	49.3625	4
125.31	-9.4	49.225	4
125.32	-9.3	49.225	4
125.33	-9.2	49.15625	4
125.34	-9.1	49.15625	4
125.35	-9.1	49.15625	4
125.36	-9	49.15625	4
125.37	-9	49.29375	4
125.38	-8.9	49.29375	4
125.39	-8.9	49.3625	4
125.40	-8.9	49.3625	4
125.41	-8.8	49.3625	4
125.42	-8.8	49.3625	4
125.43	-8.8	49.43125	4
125.44	-8.7	49.43125	4
125.45	-8.7	49.5	4
125.46	-8.7	49.5	4
125.47	-8.6	49.43125	4
125.48	-8.6	49.43125	4
125.49	-8.5	49.43125	4
125.50	-8.4	49.43125	4
125.51	-8.4	49.3625	7
125.52	-8.3	49.3625	7
125.53	-8.3	49.5	7
125.54	-8.2	49.5	7
125.55	-8.2	49.5	7
125.56	-8.1	49.5	7
125.57	-8	49.56875	7
125.58	-8	49.56875	7
125.59	-7.9	49.6375	7
125.60	-7.8	49.6375	7
125.61	-7.8	49.6375	7
125.62	-7.7	49.6375	7
125.63	-7.7	49.56875	7
125.64	-7.7	49.56875	7
125.65	-7.7	49.56875	7
125.66	-7.7	49.56875	7
125.67	-7.7	49.5	7
125.68	-7.7	49.5	7
125.69	-7.7	49.5	7
125.70	-7.7	49.5	7
125.71	-7.7	49.6375	7
125.72	-7.7	49.6375	7
125.73	-7.7	49.6375	7
125.74	-7.7	49.6375	7
125.75	-7.7	49.775	7
125.76	-7.7	49.775	7
125.77	-7.7	49.775	7
125.78	-7.7	49.775	7
125.79	-7.7	49.70625	7
125.80	-7.7	49.70625	7
125.81	-7.7	49.6375	7
125.82	-7.7	49.6375	7
125.83	-7.7	49.6375	7
125.84	-7.7	49.6375	7
125.85	-7.7	49.775	7
125.86	-7.7	49.775	7
125.87	-7.7	49.775	7
125.88	-7.7	49.775	7
125.89	-7.7	49.775	7
125.90	-7.7	49.775	7
125.91	-7.7	49.84375	6
125.92	-7.7	49.84375	6
125.93	-7.7	49.84375	6
125.94	-7.7	49.84375	6
125.95	-7.7	49.775	6
125.96	-7.7	49.775	6
125.97	-7.7	49.775	6
125.98	-7.7	49.775	6
125.99	-7.7	49.775	6
126.00	-7.7	49.775	6
126.01	-7.7	49.775	6
126.02	-7.6	49.775	6
126.03	-7.6	49.9125	6
126.04	-7.6	49.9125	6
126.05	-7.5	49.9125	6
126.06	-7.5	49.9125	6
126.07	-7.5	49.98125	6
126.08	-7.5	49.98125	6
126.09	-7.4	49.98125	6
126.10	-7.4	49.98125	6
126.11	-7.4	49.98125	6
126.12	-7.4	49.98125	6
126.13	-7.4	49.9125	6
126.14	-7.4	49.9125	6
126.15	-7.4	49.84375	6
126.16	-7.4	49.84375	6
126.17	-7.4	49.84375	6
126.18	-7.4	49.84375	6
126.19	-7.4	49.98125	6
126.20	-7.4	49.98125	6
126.21	-7.4	50.05	6
126.22	-7.4	50.05	6
126.23	-7.4	50.11875	6
126.24	-7.4	50.11875	6
126.25	-7.4	50.11875	6
126.26	-7.4	50.11875	6
126.27	-7.4	50.11875	6
126.28	-7.4	50.11875	6
126.29	-7.4	49.98125	6
126.30	-7.4	49.98125	6
126.31	-7.4	49.98125	6
126.32	-7.4	49.98125	6
126.33	-7.4	50.05	6
126.34	-7.4	50.05	6
126.35	-7.4	50.11875	6
126.36	-7.4	50.11875	6
126.37	-7.4	50.11875	6
126.38	-7.4	50.11875	6
126.39	-7.4	50.11875	6
126.40	-7.3	50.11875	6
126.41	-7.3	50.25625	6
126.42	-7.3	50.25625	6
126.43	-7.3	50.1875	6
126.44	-7.3	50.1875	6
126.45	-7.3	50.11875	6
126.46	-7.2	50.11875	6
126.47	-7.2	50.11875	6
126.48	-7.2	50.11875	6
126.49	-7.2	50.11875	6
126.50	-7.1	50.11875	6
126.51	-7.1	50.25625	6
126.52	-7.1	50.25625	6
126.53	-7.1	50.1875	6
126.54	-7.1	50.1875	6
126.55	-7.1	50.325	6
126.56	-7.1	50.325	6
126.57	-7.1	50.25625	6
126.58	-7	50.25625	6
126.59	-7	50.325	6
126.60	-6.9	50.325	6
126.61	-6.9	50.25625	6
126.62	-6.9	50.25625	6
126.63	-6.9	50.1875	6
126.64	-6.8	50.1875	6
126.65	-6.8	50.25625	6
126.66	-6.8	50.25625	6
126.67	-6.8	50.39375	6
126.68	-6.8	50.39375	6
126.69	-6.8	50.4625	6
126.70	-6.8	50.4625	6
126.71	-6.8	50.6	11
126.72	-6.7	50.6	11
126.73	-6.7	50.53125	11
126.74	-6.7	50.53125	11
126.75	-6.7	50.6	11
126.76	-6.7	50.6	11
126.77	-6.7	50.6	11
126.78	-6.6	50.6	11
126.79	-6.6	50.6	11
126.80	-6.6	50.6	11
126.81	-6.6	50.66875	12
126.82	-6.6	50.66875	12
126.83	-6.6	50.80625	12
126.84	-6.6	50.80625	12
126.85	-6.6	50.875	12
126.86	-6.6	50.875	12
126.87	-6.6	50.875	12
126.88	-6.6	50.875	12
126.89	-6.6	50.875	12
126.90	-6.6	50.875	12
126.91	-6.6	50.875	12
126.92	-6.6	50.875	12
126.93	-6.6	50.875	12
126.94	-6.6	50.875	12
126.95	-6.6	50.80625	12
126.96	-6.6	50.80625	12
126.97	-6.6	50.7375	12
126.98	-6.6	50.7375	12
126.99	-6.6	51.0125	12
127.00	-6.6	51.0125	12
127.01	-6.6	51.0125	12
127.02	-6.6	51.0125	12
127.03	-6.6	51.0125	12
127.04	-6.6	51.0125	12
127.05	-6.6	51.0125	12
127.06	-6.6	51.0125	12
127.07	-6.6	51.0125	12
127.08	-6.6	51.0125	12
127.09	-6.6	51.0125	12
127.10	-6.6	51.0125	12
127.11	-6.6	51.0125	12
127.12	-6.6	51.0125	12
127.13	-6.6	51.0125	12
127.14	-6.6	51.0125	12
127.15	-6.6	51.15	12
127.16	-6.6	51.15	12
127.17	-6.6	51.21875	12
127.18	-6.6	51.21875	12
127.19	-6.6	51.35625	12
127.20	-6.6	51.35625	12
127.21	-6.6	51.35625	12
127.22	-6.6	51.35625	12
127.23	-6.6	51.35625	12
127.24	-6.6	51.35625	12
127.25	-6.6	51.35625	12
127.26	-6.6	51.35625	12
127.27	-6.6	51.35625	12
127.28	-6.6	51.35625	12
127.29	-6.6	51.35625	12
127.30	-6.6	51.35625	12
127.31	-6.6	51.49375	12
127.32	-6.6	51.49375	12
127.33	-6.6	51.5625	12
127.34	-6.6	51.5625	12
127.35	-6.6	51.63125	12
127.36	-6.6	51.63125	12
127.37	-6.6	51.63125	12
127.38	-6.6	51.63125	12
127.39	-6.6	51.63125	12
127.40	-6.6	51.63125	12
127.41	-6.6	51.5625	12
127.42	-6.6	51.5625	12
127.43	-6.6	51.49375	12
127.44	-6.6	51.49375	12
127.45	-6.6	51.63125	12
127.46	-6.6	51.63125	12
127.47	-6.6	51.7	12
127.48	-6.6	51.7	12
127.49	-6.6	51.76875	12
127.50	-6.6	51.76875	12
127.51	-6.6	51.8375	11
127.52	-6.6	51.8375	11
127.53	-6.6	51.8375	11
127.54	-6.6	51.8375	11
127.55	-6.6	51.8375	11
127.56	-6.6	51.8375	11
127.57	-6.6	51.8375	11
127.58	-6.6	51.8375	11
127.59	-6.6	51.76875	11
127.60	-6.6	51.76875	11
127.61	-6.6	51.975	11
127.62	-6.6	51.975	11
127.63	-6.6	51.975	11
127.64	-6.6	51.975	11
127.65	-6.6	52.1125	11
127.66	-6.6	52.1125	11
127.67	-6.6	52.04375	11
127.68	-6.6	52.04375	11
127.69	-6.6	52.04375	11
127.70	-6.6	52.04375	11
127.71	-6.6	52.04375	11
127.72	-6.6	52.04375	11
127.73	-6.6	52.04375	11
127.74	-6.6	52.04375	11
127.75	-6.6	51.975	11
127.76	-6.6	51.975	11
127.77	-6.6	52.1125	11
127.78	-6.6	52.1125	11
127.79	-6.6	52.18125	11
127.80	-6.6	52.18125	11
127.81	-6.6	52.25	10
127.82	-6.6	52.25	10
127.83	-6.6	52.31875	10
127.84	-6.6	52.31875	10
127.85	-6.6	52.25	10
127.86	-6.6	52.25	10
127.87	-6.6	52.25	10
127.88	-6.6	52.25	10
127.89	-6.6	52.25	10
127.90	-6.6	52.25	10
127.91	-6.6	52.25	10
127.92	-6.6	52.25	10
127.93	-6.6	52.3875	10
127.94	-6.6	52.3875	10
127.95	-6.6	52.525	10
127.96	-6.6	52.525	10
127.97	-6.6	52.45625	10
127.98	-6.6	52.45625	10
127.99	-6.6	52.45625	10
128.00	-6.6	52.45625	10
128.01	-6.6	52.45625	10
128.02	-6.7	52.45625	10
128.03	-6.7	52.45625	10
128.04	-6.7	52.45625	10
128.05	-6.7	52.3875	10
128.06	-6.7	52.3875	10
128.07	-6.7	52.45625	10
128.08	-6.8	52.45625	10
128.09	-6.8	52.59375	10
128.10	-6.8	52.59375	10
128.11	-6.8	52.6625	10
128.12	-6.8	52.6625	10
128.13	-6.8	52.73125	10
128.14	-6.8	52.73125	10
128.15	-6.9	52.73125	10
128.16	-6.9	52.73125	10
128.17	-6.9	52.6625	10
128.18	-6.9	52.6625	10
128.19	-6.9	52.6625	10
128.20	-6.9	52.6625	10
128.21	-7	52.73125	11
128.22	-7	52.73125	11
128.23	-7.1	52.86875	11
128.24	-7.2	52.86875	11
128.25	-7.2	53.00625	11
128.26	-7.3	53.00625	11
128.27	-7.3	53.00625	11
128.28	-7.3	53.00625	11
128.29	-7.3	53.075	11
128.30	-7.4	53.075	11
128.31	-7.4	53.075	12
128.32	-7.4	53.075	12
128.33	-7.5	53.14375	12
128.34	-7.5	53.14375	12
128.35	-7.6	53.075	12
128.36	-7.6	53.075	12
128.37	-7.6	53.075	12
128.38	-7.6	53.075	12
128.39	-7.6	53.14375	12
128.40	-7.7	53.14375	12
128.41	-7.7	53.2125	13
128.42	-7.7	53.2125	13
128.43	-7.7	53.2125	13
128.44	-7.7	53.2125	13
128.45	-7.8	53.2125	13
128.46	-7.8	53.2125	13
128.47	-7.8	53.28125	13
128.48	-7.8	53.28125	13
128.49	-7.9	53.2125	13
128.50	-7.9	53.2125	13
128.51	-7.9	53.2125	13
128.52	-7.9	53.2125	13
128.53	-7.9	53.35	13
128.54	-7.9	53.35	13
128.55	-7.9	53.4875	13
128.56	-7.9	53.4875	13
128.57	-7.9	53.625	13
128.58	-7.9	53.625	13
128.59	-7.9	53.69375	13
128.60	-7.9	53.69375	13
128.61	-7.9	53.625	15
128.62	-7.9	53.625	15
128.63	-7.9	53.625	15
128.64	-7.9	53.625	15
128.65	-7.9	53.625	15
128.66	-7.9	53.625	15
128.67	-7.9	53.625	15
128.68	-7.9	53.625	15
128.69	-7.9	53.7625	15
128.70	-7.9	53.7625	15
128.71	-7.9	53.83125	16
128.72	-7.9	53.83125	16
128.73	-7.9	53.83125	16
128.74	-7.9	53.83125	16
128.75	-7.9	53.83125	16
128.76	-7.9	53.83125	16
128.77	-7.9	53.7625	16
128.78	-7.9	53.7625	16
128.79	-7.9	53.7625	16
128.80	-7.9	53.7625	16
128.81	-7.9	53.7625	16
128.82	-7.9	53.7625	16
128.83	-7.9	53.96875	16
128.84	-7.9	53.96875	16
128.85	-7.9	54.0375	16
128.86	-7.9	54.0375	16
128.87	-7.9	54.10625	16
128.88	-7.8	54.10625	16
128.89	-7.8	54.175	16
128.90	-7.8	54.175	16
128.91	-7.7	54.175	16
128.92	-7.6	54.175	16
128.93	-7.6	54.175	16
128.94	-7.6	54.175	16
128.95	-7.5	54.10625	16
128.96	-7.5	54.10625	16
128.97	-7.5	54.10625	16
128.98	-7.4	54.10625	16
128.99	-7.3	54.38125	16
129.00	-7.3	54.38125	16
129.01	-7.2	54.45	16
129.02	-7.1	54.45	16
129.03	-7	54.5875	16
129.04	-7	54.5875	16
129.05	-6.9	54.51875	16
129.06	-6.9	54.51875	16
129.07	-6.9	54.45	16
129.08	-6.9	54.45	16
129.09	-6.9	54.38125	16
129.10	-6.9	54.38125	16
129.11	-6.8	54.3125	14
129.12	-6.8	54.3125	14
129.13	-6.7	54.45	14
129.14	-6.6	54.45	14
129.15	-6.5	54.51875	14
129.16	-6.5	54.51875	14
129.17	-6.4	54.65625	14
129.18	-6.3	54.65625	14
129.19	-6.3	54.725	14
129.20	-6.2	54.725	14
129.21	-6.1	54.725	10
129.22	-6.1	54.725	10
129.23	-6	54.65625	10
129.24	-5.9	54.65625	10
129.25	-5.9	54.45	10
129.26	-5.8	54.45	10
129.27	-5.8	54.45	10
129.28	-5.8	54.45	10
129.29	-5.8	54.45	10
129.30	-5.8	54.45	10
129.31	-5.8	54.725	10
129.32	-5.8	54.725	10
129.33	-5.8	54.79375	10
129.34	-5.8	54.79375	10
129.35	-5.7	54.8625	10
129.36	-5.7	54.8625	10
129.37	-5.6	54.79375	10
129.38	-5.6	54.79375	10
129.39	-5.5	54.725	10
129.40	-5.5	54.725	10
129.41	-5.5	54.725	10
129.42	-5.5	54.725	10
129.43	-5.4	54.79375	10
129.44	-5.4	54.79375	10
129.45	-5.4	54.93125	10
129.46	-5.4	54.93125	10
129.47	-5.3	55.06875	10
129.48	-5.2	55.06875	10
129.49	-5.2	55.06875	10
129.50	-5.1	55.06875	10
129.51	-5.1	55.06875	10
129.52	-5	55.06875	10
129.53	-4.9	54.93125	10
129.54	-4.8	54.93125	10
129.55	-4.7	54.8625	10
129.56	-4.7	54.8625	10
129.57	-4.6	55.06875	10
129.58	-4.5	55.06875	10
129.59	-4.5	55.1375	10
129.60	-4.4	55.1375	10
129.61	-4.3	55.20625	10
129.62	-4.2	55.20625	10
129.63	-4.1	55.20625	10
129.64	-4	55.20625	10
129.65	-3.9	55.1375	10
129.66	-3.7	55.1375	10
129.67	-3.6	55.06875	10
129.68	-3.5	55.06875	10
129.69	-3.4	55.06875	10
129.70	-3.3	55.06875	10
129.71	-3.2	55.06875	9
129.72	-3.1	55.06875	9
129.73	-3	55.1375	9
129.74	-2.9	55.1375	9
129.75	-2.9	55.275	9
129.76	-2.9	55.275	9
129.77	-2.8	55.20625	9
129.78	-2.8	55.20625	9
129.79	-2.7	55.20625	9
129.80	-2.6	55.20625	9
129.81	-2.5	55.20625	9
129.82	-2.4	55.20625	9
129.83	-2.3	55.20625	9
129.84	-2.2	55.20625	9
129.85	-2.1	55.20625	9
129.86	-2	55.20625	9
129.87	-1.9	55.34375	9
129.88	-1.8	55.34375	9
129.89	-1.7	55.34375	9
129.90	-1.5	55.34375	9
129.91	-1.4	55.48125	9
129.92	-1.2	55.48125	9
129.93	-1.1	55.48125	9
129.94	-1	55.48125	9
129.95	-0.9	55.48125	9
129.96	-0.8	55.48125	9
129.97	-0.7	55.4125	9
129.98	-0.6	55.4125	9
129.99	-0.5	55.34375	9
130.00	-0.4	55.34375	9
130.01	-0.3	55.48125	9
130.02	-0.2	55.48125	9
130.03	-0.1	55.55	9
130.04	0	55.55	9
130.05	0	55.6875	9
130.06	0	55.6875	9
130.07	0.1	55.6875	9
130.08	0.1	55.6875	9
130.09	0.2	55.61875	9
130.10	0.2	55.61875	9
130.11	0.2	55.55	9
130.12	0.2	55.55	9
130.13	0.3	55.4125	9
130.14	0.3	55.4125	9
130.15	0.3	55.55	9
130.16	0.3	55.55	9
130.17	0.3	55.6875	9
130.18	0.3	55.6875	9
130.19	0.3	55.6875	9
130.20	0.3	55.6875	9
130.21	0.3	55.61875	6
130.22	0.3	55.61875	6
130.23	0.3	55.55	6
130.24	0.3	55.55	6
130.25	0.3	55.61875	6
130.26	0.3	55.61875	6
130.27	0.3	55.61875	6
130.28	0.3	55.61875	6
130.29	0.3	55.6875	6
130.30	0.3	55.6875	6
130.31	0.3	55.825	3
130.32	0.3	55.825	3
130.33	0.3	55.825	3
130.34	0.3	55.825	3
130.35	0.3	55.825	3
130.36	0.2	55.825	3
130.37	0.2	55.825	3
130.38	0.2	55.825	3
130.39	0.2	55.75625	3
130.40	0.2	55.75625	3
130.41	0.1	55.75625	3
130.42	0	55.75625	3
130.43	0	55.6875	3
130.44	-0.1	55.6875	3
130.45	-0.2	55.825	3
130.46	-0.3	55.825	3
130.47	-0.4	55.825	3
130.48	-0.5	55.825	3
130.49	-0.6	55.89375	3
130.50	-0.6	55.89375	3
130.51	-0.7	55.825	3
130.52	-0.8	55.825	3
130.53	-0.8	55.825	3
130.54	-0.8	55.825	3
130.55	-0.9	55.75625	3
130.56	-0.9	55.75625	3
130.57	-0.9	55.6875	3
130.58	-0.9	55.6875	3
130.59	-0.9	55.75625	3
130.60	-0.9	55.75625	3
130.61	-0.9	55.75625	5
130.62	-0.9	55.75625	5
130.63	-0.9	55.89375	5
130.64	-0.9	55.89375	5
130.65	-0.9	55.89375	5
130.66	-0.9	55.89375	5
130.67	-0.9	55.89375	5
130.68	-0.9	55.89375	5
130.69	-0.9	55.825	5
130.70	-0.9	55.825	5
130.71	-0.9	55.75625	5
130.72	-0.9	55.75625	5
130.73	-0.9	55.89375	5
130.74	-0.9	55.89375	5
130.75	-0.9	55.9625	5
130.76	-0.9	55.9625	5
130.77	-0.9	56.1	5
130.78	-0.9	56.1	5
130.79	-0.9	56.1	5
130.80	-0.9	56.1	5
130.81	-0.9	56.03125	8
130.82	-0.9	56.03125	8
130.83	-0.9	55.9625	8
130.84	-0.8	55.9625	8
130.85	-0.8	55.9625	8
130.86	-0.8	55.9625	8
130.87	-0.8	56.16875	8
130.88	-0.8	56.16875	8
130.89	-0.7	56.2375	8
130.90	-0.6	56.2375	8
130.91	-0.6	56.2375	8
130.92	-0.5	56.2375	8
130.93	-0.4	56.30625	8
130.94	-0.4	56.30625	8
130.95	-0.3	56.30625	8
130.96	-0.2	56.30625	8
130.97	-0.2	56.2375	8
130.98	-0.1	56.2375	8
130.99	-0.1	56.16875	8
131.00	-0.1	56.16875	8
131.01	-0.1	56.16875	8
131.02	-0.1	56.16875	8
131.03	-0.1	56.30625	8
131.04	-0.1	56.30625	8
131.05	-0.1	56.375	8
131.06	-0.1	56.375	8
131.07	-0.1	56.375	8
131.08	-0.1	56.375	8
131.09	-0.1	56.375	8
131.10	-0.1	56.375	8
131.11	-0.1	56.375	8
131.12	-0.1	56.375	8
131.13	-0.1	56.30625	8
131.14	-0.1	56.30625	8
131.15	-0.1	56.30625	8
131.16	-0.1	56.30625	8
131.17	0	56.375	8
131.18	0	56.375	8
131.19	0.1	56.5125	8
131.20	0.2	56.5125	8
131.21	0.3	56.5125	8
131.22	0.4	56.5125	8
131.23	0.5	56.5125	8
131.24	0.7	56.5125	8
131.25	0.8	56.44375	8
131.26	1	56.44375	8
131.27	1.1	56.30625	8
131.28	1.2	56.30625	8
131.29	1.2	56.30625	8
131.30	1.3	56.30625	8
131.31	1.3	56.44375	8
131.32	1.3	56.44375	8
131.33	1.3	56.58125	8
131.34	1.3	56.58125	8
131.35	1.3	56.58125	8
131.36	1.3	56.58125	8
131.37	1.3	56.5125	8
131.38	1.3	56.5125	8
131.39	1.3	56.30625	8
131.40	1.3	56.30625	8
131.41	1.4	56.30625	2
131.42	1.5	56.30625	2
131.43	1.6	56.30625	2
131.44	1.7	56.30625	2
131.45	1.8	56.44375	2
131.46	1.9	56.44375	2
131.47	2	56.58125	2
131.48	2.1	56.58125	2
131.49	2.2	56.58125	2
131.50	2.2	56.58125	2
131.51	2.2	56.58125	1
131.52	2.2	56.58125	1
131.53	2.2	56.5125	1
131.54	2.2	56.5125	1
131.55	2.2	56.44375	1
131.56	2.2	56.44375	1
131.57	2.2	56.375	1
131.58	2.2	56.375	1
131.59	2.2	56.5125	1
131.60	2.2	56.5125	1
131.61	2.2	56.58125	0
131.62	2.2	56.58125	0
131.63	2.1	56.44375	0
131.64	1.9	56.44375	0
131.65	1.8	56.1	0
131.66	1.7	56.1	0
131.67	1.6	56.2375	0
131.68	1.5	56.2375	0
131.69	1.4	56.85625	0
131.70	1.3	56.85625	0
131.71	1.2	56.85625	0
131.72	1.2	56.85625	0
131.73	1.1	56.16875	0
131.74	1.1	56.16875	0
131.75	1.1	56.03125	0
131.76	1.1	56.03125	0
131.77	1.1	56.375	0
131.78	1	56.375	0
131.79	0.9	56.5125	0
131.80	0.8	56.5125	0
131.81	0.8	56.5125	0
131.82	0.7	56.5125	0
131.83	0.7	56.5125	0
131.84	0.6	56.5125	0
131.85	0.6	56.30625	0
131.86	0.6	56.30625	0
131.87	0.5	55.9625	0
131.88	0.5	55.9625	0
131.89	0.4	55.9625	0
131.90	0.3	55.9625	0
131.91	0.1	56.44375	1
131.92	0	56.44375	1
131.93	-0.1	56.7875	1
131.94	-0.3	56.7875	1
131.95	-0.4	56.375	1
131.96	-0.5	56.375	1
131.97	-0.7	56.44375	1
131.98	-0.9	56.44375	1
131.99	-1.1	56.71875	1
132.00	-1.3	56.71875	1
132.01	-1.5	56.375	2
132.02	-1.5	56.375	2
132.03	-1.6	55.6875	2
132.04	-1.6	55.6875	2
132.05	-1.7	55.4125	2
132.06	-1.8	55.4125	2
132.07	-1.8	56.65	2
132.08	-1.9	56.65	2
132.09	-1.9	57.54375	2
132.10	-2	57.54375	2
132.11	-2.1	57.13125	11
132.12	-2.1	57.13125	11
132.13	-2.2	56.44375	11
132.14	-2.2	56.44375	11
132.15	-2.2	55.6875	11
132.16	-2.3	55.6875	11
132.17	-2.4	55.61875	11
132.18	-2.5	55.61875	11
132.19	-2.6	56.44375	11
132.20	-2.7	56.44375	11
132.21	-2.8	57.40625	12
132.22	-2.9	57.40625	12
132.23	-3.1	57.26875	12
132.24	-3.2	57.26875	12
132.25	-3.4	56.85625	12
132.26	-3.5	56.85625	12
132.27	-3.7	56.30625	12
132.28	-3.8	56.30625	12
132.29	-4	55.9625	12
132.30	-4	55.9625	12
132.31	-4.1	56.03125	13
132.32	-4.2	56.03125	13
132.33	-4.3	56.71875	13
132.34	-4.4	56.71875	13
132.35	-4.4	57.26875	13
132.36	-4.5	57.26875	13
132.37	-4.6	57.2	13
132.38	-4.6	57.2	13
132.39	-4.6	56.925	13
132.40	-4.6	56.925	13
132.41	-4.6	56.5125	13
132.42	-4.6	56.5125	13
132.43	-4.6	56.30625	13
132.44	-4.7	56.30625	13
132.45	-4.7	56.58125	13
132.46	-4.7	56.58125	13
132.47	-4.8	56.925	13
132.48	-4.9	56.925	13
132.49	-4.9	57.26875	13
132.50	-5	57.26875	13
132.51	-5.1	57.26875	14
132.52	-5.1	57.26875	14
132.53	-5.2	57.2	14
132.54	-5.3	57.2	14
132.55	-5.4	56.925	14
132.56	-5.4	56.925	14
132.57	-5.5	56.7875	14
132.58	-5.6	56.7875	14
132.59	-5.6	56.99375	14
132.60	-5.6	56.99375	14
132.61	-5.7	57.2	14
132.62	-5.7	57.2	14
132.63	-5.7	57.26875	14
132.64	-5.8	57.26875	14
132.65	-5.8	57.3375	14
132.66	-5.8	57.3375	14
132.67	-5.8	57.3375	14
132.68	-5.8	57.3375	14
132.69	-5.8	57.3375	14
132.70	-5.8	57.3375	14
132.71	-5.8	57.3375	14
132.72	-5.8	57.3375	14
132.73	-5.8	57.40625	14
132.74	-5.8	57.40625	14
132.75	-5.8	57.54375	14
132.76	-5.8	57.54375	14
132.77	-5.8	57.68125	14
132.78	-5.8	57.68125	14
132.79	-5.8	57.68125	14
132.80	-5.8	57.68125	14
132.81	-5.8	57.68125	14
132.82	-5.8	57.68125	14
132.83	-5.8	57.54375	14
132.84	-5.8	57.54375	14
132.85	-5.8	57.6125	14
132.86	-5.8	57.6125	14
132.87	-5.8	57.75	14
132.88	-5.8	57.75	14
132.89	-5.8	57.81875	14
132.90	-5.8	57.81875	14
132.91	-5.8	57.81875	14
132.92	-5.8	57.81875	14
132.93	-5.8	57.81875	14
132.94	-5.8	57.81875	14
132.95	-5.8	57.8875	14
132.96	-5.8	57.8875	14
132.97	-5.8	57.81875	14
132.98	-5.8	57.81875	14
132.99	-5.8	57.81875	14
133.00	-5.8	57.81875	14
133.01	-5.8	57.8875	14
133.02	-5.8	57.8875	14
133.03	-5.8	57.95625	14
133.04	-5.8	57.95625	14
133.05	-5.8	58.09375	14
133.06	-5.8	58.09375	14
133.07	-5.8	58.09375	14
133.08	-5.8	58.09375	14
133.09	-5.8	58.09375	14
133.10	-5.8	58.09375	14
133.11	-5.8	58.1625	15
133.12	-5.8	58.1625	15
133.13	-5.8	58.1625	15
133.14	-5.8	58.1625	15
133.15	-5.8	58.3	15
133.16	-5.8	58.3	15
133.17	-5.8	58.36875	15
133.18	-5.8	58.36875	15
133.19	-5.8	58.4375	15
133.20	-5.8	58.4375	15
133.21	-5.8	58.50625	15
133.22	-5.8	58.50625	15
133.23	-5.8	58.4375	15
133.24	-5.8	58.4375	15
133.25	-5.8	58.4375	15
133.26	-5.9	58.4375	15
133.27	-5.9	58.4375	15
133.28	-6	58.4375	15
133.29	-6	58.50625	15
133.30	-6	58.50625	15
133.31	-6.1	58.575	15
133.32	-6.1	58.575	15
133.33	-6.2	58.64375	15
133.34	-6.3	58.64375	15
133.35	-6.4	58.575	15
133.36	-6.4	58.575	15
133.37	-6.5	58.575	15
133.38	-6.6	58.575	15
133.39	-6.7	58.575	15
133.40	-6.8	58.575	15
133.41	-6.9	58.575	15
133.42	-6.9	58.575	15
133.43	-7	58.78125	15
133.44	-7.1	58.78125	15
133.45	-7.1	58.78125	15
133.46	-7.1	58.78125	15
133.47	-7.2	58.78125	15
133.48	-7.2	58.78125	15
133.49	-7.2	58.78125	15
133.50	-7.2	58.78125	15
133.51	-7.3	58.85	15
133.52	-7.3	58.85	15
133.53	-7.3	58.85	15
133.54	-7.3	58.85	15
133.55	-7.3	58.85	15
133.56	-7.3	58.85	15
133.57	-7.3	59.05625	15
133.58	-7.3	59.05625	15
133.59	-7.3	59.125	15
133.60	-7.3	59.125	15
133.61	-7.3	59.19375	14
133.62	-7.3	59.19375	14
133.63	-7.3	59.19375	14
133.64	-7.3	59.19375	14
133.65	-7.4	59.125	14
133.66	-7.4	59.125	14
133.67	-7.4	59.05625	14
133.68	-7.4	59.05625	14
133.69	-7.5	59.125	14
133.70	-7.5	59.125	14
133.71	-7.5	59.4	12
133.72	-7.6	59.4	12
133.73	-7.6	59.5375	12
133.74	-7.6	59.5375	12
133.75	-7.7	59.46875	12
133.76	-7.7	59.46875	12
133.77	-7.7	59.4	12
133.78	-7.7	59.4	12
133.79	-7.7	59.33125	12
133.80	-7.7	59.33125	12
133.81	-7.7	59.2625	10
133.82	-7.7	59.2625	10
133.83	-7.7	59.33125	10
133.84	-7.7	59.33125	10
133.85	-7.7	59.4	10
133.86	-7.7	59.4	10
133.87	-7.7	59.33125	10
133.88	-7.7	59.33125	10
133.89	-7.7	59.05625	10
133.90	-7.7	59.05625	10
133.91	-7.7	59.05625	0
133.92	-7.8	59.05625	0
133.93	-7.8	59.2625	0
133.94	-7.9	59.2625	0
133.95	-8	58.91875	0
133.96	-8	58.91875	0
133.97	-8	58.4375	0
133.98	-8	58.4375	0
133.99	-8	58.78125	0
134.00	-8	58.78125	0
134.01	-8	59.95	0
134.02	-8	59.95	0
134.03	-8	59.95	0
134.04	-8	59.95	0
134.05	-8	59.05625	0
134.06	-8	59.05625	0
134.07	-8	58.4375	0
134.08	-8	58.4375	0
134.09	-8	58.64375	0
134.10	-8	58.64375	0
134.11	-8	59.19375	0
134.12	-8	59.19375	0
134.13	-8	59.4	0
134.14	-8	59.4	0
134.15	-8	59.46875	0
134.16	-8	59.46875	0
134.17	-8.1	59.4	0
134.18	-8.1	59.4	0
134.19	-8.1	58.9875	0
134.20	-8.1	58.9875	0
134.21	-8.1	58.575	0
134.22	-8.1	58.575	0
134.23	-8.1	58.78125	0
134.24	-8.1	58.78125	0
134.25	-8.1	59.4	0
134.26	-8.1	59.4	0
134.27	-8.1	59.4	0
134.28	-8.1	59.4	0
134.29	-8.1	59.125	0
134.30	-8.1	59.125	0
134.31	-8.1	58.91875	0
134.32	-8.1	58.91875	0
134.33	-8.1	58.78125	0
134.34	-8.1	58.78125	0
134.35	-8.1	58.7125	0
134.36	-8.1	58.7125	0
134.37	-8.1	58.85	0
134.38	-8.1	58.85	0
134.39	-8.1	59.05625	0
134.40	-8.1	59.05625	0
134.41	-8.1	59.05625	0
134.42	-8.1	59.05625	0
134.43	-8.1	58.78125	0
134.44	-8.1	58.78125	0
134.45	-8.1	58.64375	0
134.46	-8.1	58.64375	0
134.47	-8.1	58.64375	0
134.48	-8.1	58.64375	0
134.49	-8.1	58.7125	0
134.50	-8.1	58.7125	0
134.51	-8.1	58.64375	0
134.52	-8.1	58.64375	0
134.53	-8.1	58.78125	0
134.54	-8.1	58.78125	0
134.55	-8.1	58.7125	0
134.56	-8.1	58.7125	0
134.57	-8.1	58.4375	0
134.58	-8.1	58.4375	0
134.59	-8.1	58.4375	0
134.60	-8.1	58.4375	0
134.61	-8.2	58.575	0
134.62	-8.3	58.575	0
134.63	-8.3	58.4375	0
134.64	-8.5	58.4375	0
134.65	-8.6	58.36875	0
134.66	-8.6	58.36875	0
134.67	-8.7	58.4375	0
134.68	-8.7	58.4375	0
134.69	-8.8	58.4375	0
134.70	-8.9	58.4375	0
134.71	-8.9	58.4375	0
134.72	-9	58.4375	0
134.73	-9.1	58.4375	0
134.74	-9.1	58.4375	0
134.75	-9.1	58.3	0
134.76	-9.1	58.3	0
134.77	-9.1	58.1625	0
134.78	-9.2	58.1625	0
134.79	-9.2	58.1625	0
134.80	-9.2	58.1625	0
134.81	-9.2	58.1625	0
134.82	-9.3	58.1625	0
134.83	-9.3	58.3	0
134.84	-9.3	58.3	0
134.85	-9.4	58.3	0
134.86	-9.4	58.3	0
134.87	-9.4	58.3	0
134.88	-9.5	58.3	0
134.89	-9.5	57.95625	0
134.90	-9.5	57.95625	0
134.91	-9.5	57.75	0
134.92	-9.5	57.75	0
134.93	-9.5	57.81875	0
134.94	-9.5	57.81875	0
134.95	-9.5	58.1625	0
134.96	-9.5	58.1625	0
134.97	-9.5	58.23125	0
134.98	-9.5	58.23125	0
134.99	-9.5	57.95625	0
135.00	-9.5	57.95625	0
135.01	-9.5	57.68125	0
135.02	-9.5	57.68125	0
135.03	-9.5	57.54375	0
135.04	-9.5	57.54375	0
135.05	-9.5	57.40625	0
135.06	-9.5	57.40625	0
135.07	-9.5	57.3375	0
135.08	-9.5	57.3375	0
135.09	-9.5	57.54375	0
135.10	-9.5	57.54375	0
135.11	-9.5	57.68125	0
135.12	-9.5	57.68125	0
135.13	-9.4	57.54375	0
135.14	-9.3	57.54375	0
135.15	-9.2	57.40625	0
135.16	-9.1	57.40625	0
135.17	-8.9	57.26875	0
135.18	-8.7	57.26875	0
135.19	-8.7	57.2	0
135.20	-8.6	57.2	0
135.21	-8.5	57.3375	0
135.22	-8.4	57.3375	0
135.23	-8.3	57.54375	0
135.24	-8.2	57.54375	0
135.25	-8.1	57.68125	0
135.26	-8.1	57.68125	0
135.27	-8.1	57.475	0
135.28	-8.1	57.475	0
135.29	-8.1	57.26875	0
135.30	-8.1	57.26875	0
135.31	-8.1	57.2	0
135.32	-8.1	57.2	0
135.33	-8.1	57.13125	0
135.34	-8.1	57.13125	0
135.35	-8.1	56.99375	0
135.36	-8.1	56.99375	0
135.37	-8.1	57.0625	0
135.38	-8.1	57.0625	0
135.39	-8.1	57.13125	0
135.40	-8.1	57.13125	0
135.41	-8.1	56.925	0
135.42	-8.1	56.925	0
135.43	-8.1	56.925	0
135.44	-8.1	56.925	0
135.45	-8.1	56.85625	0
135.46	-8.1	56.85625	0
135.47	-8.1	56.85625	0
135.48	-8.1	56.85625	0
135.49	-8.1	56.7875	0
135.50	-8.1	56.7875	0
135.51	-8.1	56.85625	0
135.52	-8.1	56.85625	0
135.53	-8.1	56.85625	0
135.54	-8.1	56.85625	0
135.55	-8.1	56.7875	0
135.56	-8.1	56.7875	0
135.57	-8.1	56.7875	0
135.58	-8.1	56.7875	0
135.59	-8.1	56.71875	0
135.60	-8.1	56.71875	0
135.61	-8.1	56.58125	0
135.62	-8	56.58125	0
135.63	-8	56.58125	0
135.64	-8	56.58125	0
135.65	-7.9	56.7875	0
135.66	-7.9	56.7875	0
135.67	-7.8	56.71875	0
135.68	-7.7	56.71875	0
135.69	-7.7	56.58125	0
135.70	-7.7	56.58125	0
135.71	-7.6	56.58125	0
135.72	-7.6	56.58125	0
135.73	-7.6	56.375	0
135.74	-7.6	56.375	0
135.75	-7.6	56.2375	0
135.76	-7.6	56.2375	0
135.77	-7.5	56.1	0
135.78	-7.5	56.1	0
135.79	-7.5	56.2375	0
135.80	-7.5	56.2375	0
135.81	-7.4	56.2375	0
135.82	-7.4	56.2375	0
135.83	-7.4	56.1	0
135.84	-7.4	56.1	0
135.85	-7.4	56.03125	0
135.86	-7.4	56.03125	0
135.87	-7.4	55.89375	0
135.88	-7.4	55.89375	0
135.89	-7.4	55.6875	0
135.90	-7.4	55.6875	0
135.91	-7.4	55.61875	0
135.92	-7.4	55.61875	0
135.93	-7.4	55.6875	0
135.94	-7.4	55.6875	0
135.95	-7.4	55.6875	0
135.96	-7.4	55.6875	0
135.97	-7.4	55.75625	0
135.98	-7.4	55.75625	0
135.99	-7.4	55.6875	0
136.00	-7.4	55.6875	0
136.01	-7.4	55.55	0
136.02	-7.4	55.55	0
136.03	-7.4	55.4125	0
136.04	-7.4	55.4125	0
136.05	-7.4	55.34375	0
136.06	-7.4	55.34375	0
136.07	-7.4	55.48125	0
136.08	-7.4	55.48125	0
136.09	-7.4	55.48125	0
136.10	-7.4	55.48125	0
136.11	-7.4	55.61875	0
136.12	-7.4	55.61875	0
136.13	-7.4	55.55	0
136.14	-7.4	55.55	0
136.15	-7.4	55.34375	0
136.16	-7.4	55.34375	0
136.17	-7.4	55.20625	0
136.18	-7.4	55.20625	0
136.19	-7.4	55.1375	0
136.20	-7.4	55.1375	0
136.21	-7.4	55.06875	0
136.22	-7.4	55.06875	0
136.23	-7.4	55.20625	0
136.24	-7.4	55.20625	0
136.25	-7.4	55.34375	0
136.26	-7.4	55.34375	0
136.27	-7.4	55.275	0
136.28	-7.4	55.275	0
136.29	-7.4	55.06875	0
136.30	-7.4	55.06875	0
136.31	-7.4	54.93125	0
136.32	-7.4	54.93125	0
136.33	-7.4	54.8625	0
136.34	-7.4	54.8625	0
136.35	-7.4	54.725	0
136.36	-7.4	54.725	0
136.37	-7.4	55	0
136.38	-7.4	55	0
136.39	-7.4	55.06875	0
136.40	-7.4	55.06875	0
136.41	-7.4	55	0
136.42	-7.4	55	0
136.43	-7.4	54.8625	0
136.44	-7.4	54.8625	0
136.45	-7.4	54.725	0
136.46	-7.4	54.725	0
136.47	-7.4	54.65625	0
136.48	-7.4	54.65625	0
136.49	-7.4	54.65625	0
136.50	-7.3	54.65625	0
136.51	-7.4	54.725	0
136.52	-7.3	54.725	0
136.53	-7.3	54.725	0
136.54	-7.3	54.725	0
136.55	-7.3	54.725	0
136.56	-7.2	54.725	0
136.57	-7.2	54.725	0
136.58	-7.1	54.725	0
136.59	-7.1	54.5875	0
136.60	-7.1	54.5875	0
136.61	-7	54.45	0
136.62	-7	54.45	0
136.63	-6.9	54.38125	0
136.64	-6.9	54.38125	0
136.65	-6.9	54.3125	0
136.66	-6.9	54.3125	0
136.67	-6.8	54.3125	0
136.68	-6.8	54.3125	0
136.69	-6.8	54.38125	0
136.70	-6.7	54.38125	0
136.71	-6.7	54.38125	0
136.72	-6.6	54.38125	0
136.73	-6.6	54.24375	0
136.74	-6.5	54.24375	0
136.75	-6.5	54.10625	0
136.76	-6.5	54.10625	0
136.77	-6.4	53.96875	0
136.78	-6.3	53.96875	0
136.79	-6.3	53.96875	0
136.80	-6.2	53.96875	0
136.81	-6.1	54.0375	0
136.82	-6	54.0375	0
136.83	-5.9	54.10625	0
136.84	-5.8	54.10625	0
136.85	-5.7	54.175	0
136.86	-5.7	54.175	0
136.87	-5.6	54.10625	0
136.88	-5.4	54.10625	0
136.89	-5.4	53.9	0
136.90	-5.3	53.9	0
136.91	-5.2	53.83125	0
136.92	-5.2	53.83125	0
136.93	-5.1	53.83125	0
136.94	-5.1	53.83125	0
136.95	-5.1	53.83125	0
136.96	-5	53.83125	0
136.97	-4.9	54.0375	0
136.98	-4.8	54.0375	0
136.99	-4.7	54.0375	0
137.00	-4.6	54.0375	0
137.01	-4.5	53.96875	0
137.02	-4.5	53.96875	0
137.03	-4.4	53.83125	0
137.04	-4.4	53.83125	0
137.05	-4.3	53.7625	0
137.06	-4.3	53.7625	0
137.07	-4.2	53.625	0
137.08	-4.2	53.625	0
137.09	-4.2	53.55625	0
137.10	-4.1	53.55625	0
137.11	-4	53.69375	0
137.12	-4	53.69375	0
137.13	-3.9	53.625	0
137.14	-3.8	53.625	0
137.15	-3.7	53.55625	0
137.16	-3.6	53.55625	0
137.17	-3.6	53.4875	0
137.18	-3.5	53.4875	0
137.19	-3.5	53.35	0
137.20	-3.5	53.35	0
137.21	-3.5	53.2125	0
137.22	-3.5	53.2125	0
137.23	-3.5	53.14375	0
137.24	-3.5	53.14375	0
137.25	-3.5	53.2125	0
137.26	-3.5	53.2125	0
137.27	-3.5	53.28125	0
137.28	-3.5	53.28125	0
137.29	-3.5	53.35	0
137.30	-3.5	53.35	0
137.31	-3.5	53.28125	0
137.32	-3.5	53.28125	0
137.33	-3.5	53.28125	0
137.34	-3.5	53.28125	0
137.35	-3.5	53.2125	0
137.36	-3.5	53.2125	0
137.37	-3.5	53.14375	0
137.38	-3.5	53.14375	0
137.39	-3.5	53.14375	0
137.40	-3.5	53.14375	0
137.41	-3.5	53.2125	0
137.42	-3.5	53.2125	0
137.43	-3.5	53.35	0
137.44	-3.5	53.35	0
137.45	-3.5	53.35	0
137.46	-3.5	53.35	0
137.47	-3.5	53.28125	0
137.48	-3.5	53.28125	0
137.49	-3.5	53.2125	0
137.50	-3.5	53.2125	0
137.51	-3.5	53.14375	0
137.52	-3.5	53.14375	0
137.53	-3.5	53.00625	0
137.54	-3.5	53.00625	0
137.55	-3.5	53.00625	0
137.56	-3.5	53.00625	0
137.57	-3.5	53.075	0
137.58	-3.5	53.075	0
137.59	-3.5	53.00625	0
137.60	-3.5	53.00625	0
137.61	-3.5	52.9375	0
137.62	-3.5	52.9375	0
137.63	-3.5	52.86875	0
137.64	-3.5	52.86875	0
137.65	-3.5	52.8	0
137.66	-3.6	52.8	0
137.67	-3.6	52.6625	0
137.68	-3.7	52.6625	0
137.69	-3.8	52.6625	0
137.70	-3.9	52.6625	0
137.71	-4	52.73125	0
137.72	-4.1	52.73125	0
137.73	-4.2	52.73125	0
137.74	-4.3	52.73125	0
137.75	-4.4	52.6625	0
137.76	-4.5	52.6625	0
137.77	-4.7	52.8	0
137.78	-4.8	52.8	0
137.79	-4.9	52.9375	0
137.80	-5.1	52.9375	0
137.81	-5.2	52.9375	0
137.82	-5.4	52.9375	0
137.83	-5.4	52.59375	0
137.84	-5.5	52.59375	0
137.85	-5.6	52.525	0
137.86	-5.7	52.525	0
137.87	-5.7	53.075	0
137.88	-5.7	53.075	0
137.89	-5.7	53.4875	0
137.90	-5.7	53.4875	0
137.91	-5.7	53.41875	11
137.92	-5.7	53.41875	11
137.93	-5.7	52.59375	11
137.94	-5.7	52.59375	11
137.95	-5.7	51.8375	11
137.96	-5.7	51.8375	11
137.97	-5.7	52.31875	11
137.98	-5.6	52.31875	11
137.99	-5.5	53.69375	11
138.00	-5.4	53.69375	11
138.01	-5.2	53.69375	11
138.02	-5.1	53.69375	11
138.03	-5.1	53.075	11
138.04	-5	53.075	11
138.05	-4.9	52.6625	11
138.06	-4.8	52.6625	11
138.07	-4.8	52.59375	11
138.08	-4.7	52.59375	11
138.09	-4.6	52.86875	11
138.10	-4.5	52.86875	11
138.11	-4.4	53.14375	12
138.12	-4.3	53.14375	12
138.13	-4.3	53.2125	12
138.14	-4.3	53.2125	12
138.15	-4.3	53.35	12
138.16	-4.2	53.35	12
138.17	-4.3	53.4875	12
138.18	-4.2	53.4875	12
138.19	-4.1	53.28125	12
138.20	-4.1	53.28125	12
138.21	-4.1	53.00625	15
138.22	-4	53.00625	15
138.23	-4	52.86875	15
138.24	-4	52.86875	15
138.25	-4	53.35	15
138.26	-4	53.35	15
138.27	-4	53.83125	15
138.28	-4	53.83125	15
138.29	-4	53.69375	15
138.30	-4	53.69375	15
138.31	-3.9	53.35	18
138.32	-3.9	53.35	18
138.33	-3.9	53.41875	18
138.34	-3.9	53.41875	18
138.35	-3.8	53.55625	18
138.36	-3.7	53.55625	18
138.37	-3.6	53.69375	18
138.38	-3.6	53.69375	18
138.39	-3.5	53.7625	18
138.40	-3.4	53.7625	18
138.41	-3.3	53.69375	20
138.42	-3.2	53.69375	20
138.43	-3.2	53.83125	20
138.44	-3.1	53.83125	20
138.45	-3	53.9	20
138.46	-2.9	53.9	20
138.47	-2.9	53.83125	20
138.48	-2.9	53.83125	20
138.49	-2.8	53.69375	20
138.50	-2.8	53.69375	20
138.51	-2.7	53.83125	20
138.52	-2.6	53.83125	20
138.53	-2.6	53.9	20
138.54	-2.6	53.9	20
138.55	-2.5	54.10625	20
138.56	-2.5	54.10625	20
138.57	-2.5	54.10625	20
138.58	-2.4	54.10625	20
138.59	-2.3	54.10625	20
138.60	-2.2	54.10625	20
138.61	-2.2	54.10625	20
138.62	-2.1	54.10625	20
138.63	-2.1	54.24375	20
138.64	-2.1	54.24375	20
138.65	-2	54.45	20
138.66	-1.9	54.45	20
138.67	-1.8	54.51875	20
138.68	-1.8	54.51875	20
138.69	-1.6	54.5875	20
138.70	-1.5	54.5875	20
138.71	-1.4	54.5875	21
138.72	-1.2	54.5875	21
138.73	-1.1	54.5875	21
138.74	-0.9	54.5875	21
138.75	-0.7	54.5875	21
138.76	-0.5	54.5875	21
138.77	-0.4	54.725	21
138.78	-0.1	54.725	21
138.79	0	54.8625	21
138.80	0.1	54.8625	21
138.81	0.2	55.06875	21
138.82	0.2	55.06875	21
138.83	0.3	55.06875	21
138.84	0.3	55.06875	21
138.85	0.3	55.06875	21
138.86	0.4	55.06875	21
138.87	0.4	55.1375	21
138.88	0.4	55.1375	21
138.89	0.4	55.06875	21
138.90	0.5	55.06875	21
138.91	0.5	55.20625	21
138.92	0.5	55.20625	21
138.93	0.5	55.34375	21
138.94	0.5	55.34375	21
138.95	0.5	55.48125	21
138.96	0.6	55.48125	21
138.97	0.6	55.55	21
138.98	0.6	55.55	21
138.99	0.6	55.55	21
139.00	0.7	55.55	21
139.01	0.7	55.48125	21
139.02	0.7	55.48125	21
139.03	0.7	55.4125	21
139.04	0.7	55.4125	21
139.05	0.7	55.4125	21
139.06	0.7	55.4125	21
139.07	0.7	55.61875	21
139.08	0.7	55.61875	21
139.09	0.7	55.6875	21
139.10	0.7	55.6875	21
139.11	0.7	55.75625	20
139.12	0.7	55.75625	20
139.13	0.7	55.6875	20
139.14	0.7	55.6875	20
139.15	0.8	55.75625	20
139.16	0.8	55.75625	20
139.17	0.9	55.825	20
139.18	1	55.825	20
139.19	1	55.89375	20
139.20	1	55.89375	20
139.21	1	56.1	19
139.22	1	56.1	19
139.23	1	56.16875	19
139.24	1	56.16875	19
139.25	1	56.30625	19
139.26	1	56.30625	19
139.27	1	56.30625	19
139.28	1	56.30625	19
139.29	0.9	56.2375	19
139.30	0.9	56.2375	19
139.31	0.8	56.2375	17
139.32	0.7	56.2375	17
139.33	0.7	56.30625	17
139.34	0.6	56.30625	17
139.35	0.4	56.5125	17
139.36	0.3	56.5125	17
139.37	0.2	56.58125	17
139.38	0	56.58125	17
139.39	-0.1	56.71875	17
139.40	-0.3	56.71875	17
139.41	-0.4	56.58125	17
139.42	-0.5	56.58125	17
139.43	-0.6	56.58125	17
139.44	-0.7	56.58125	17
139.45	-0.8	56.58125	17
139.46	-0.8	56.58125	17
139.47	-0.8	56.65	17
139.48	-0.8	56.65	17
139.49	-0.8	56.7875	17
139.50	-0.9	56.7875	17
139.51	-0.9	56.85625	18
139.52	-1	56.85625	18
139.53	-1.1	56.99375	18
139.54	-1.1	56.99375	18
139.55	-1.2	57.0625	18
139.56	-1.3	57.0625	18
139.57	-1.4	57.0625	18
139.58	-1.5	57.0625	18
139.59	-1.7	57.0625	18
139.60	-1.8	57.0625	18
139.61	-1.9	57.0625	21
139.62	-2.1	57.0625	21
139.63	-2.2	57.2	21
139.64	-2.4	57.2	21
139.65	-2.5	57.26875	21
139.66	-2.7	57.26875	21
139.67	-2.8	57.475	21
139.68	-2.9	57.475	21
139.69	-3.1	57.475	21
139.70	-3.2	57.475	21
139.71	-3.3	57.475	22
139.72	-3.5	57.475	22
139.73	-3.6	57.475	22
139.74	-3.6	57.475	22
139.75	-3.7	57.475	22
139.76	-3.7	57.475	22
139.77	-3.8	57.68125	22
139.78	-3.8	57.68125	22
139.79	-3.8	57.81875	22
139.80	-3.8	57.81875	22
139.81	-3.8	58.025	23
139.82	-3.8	58.025	23
139.83	-3.8	58.025	23
139.84	-3.8	58.025	23
139.85	-3.8	57.95625	23
139.86	-3.8	57.95625	23
139.87	-3.8	57.95625	23
139.88	-3.8	57.95625	23
139.89	-3.9	57.95625	23
139.90	-4	57.95625	23
139.91	-4	58.23125	23
139.92	-4.1	58.23125	23
139.93	-4.3	58.4375	23
139.94	-4.4	58.4375	23
139.95	-4.4	58.50625	23
139.96	-4.4	58.50625	23
139.97	-4.4	58.4375	23
139.98	-4.4	58.4375	23
139.99	-4.4	58.36875	23
140.00	-4.4	58.36875	23
140.01	-4.4	58.4375	25
140.02	-4.4	58.4375	25
140.03	-4.4	58.4375	25
140.04	-4.5	58.4375	25
140.05	-4.5	58.575	25
140.06	-4.6	58.575	25
140.07	-4.6	58.64375	25
140.08	-4.6	58.64375	25
140.09	-4.6	58.78125	25
140.10	-4.6	58.78125	25
140.11	-4.6	58.78125	26
140.12	-4.6	58.78125	26
140.13	-4.6	58.78125	26
140.14	-4.6	58.78125	26
140.15	-4.6	58.78125	26
140.16	-4.6	58.78125	26
140.17	-4.6	58.85	26
140.18	-4.6	58.85	26
140.19	-4.6	59.05625	26
140.20	-4.6	59.05625	26
140.21	-4.6	59.19375	28
140.22	-4.6	59.19375	28
140.23	-4.6	59.33125	28
140.24	-4.5	59.33125	28
140.25	-4.5	59.33125	28
140.26	-4.4	59.33125	28
140.27	-4.4	59.4	28
140.28	-4.3	59.4	28
140.29	-4.3	59.4	28
140.30	-4.3	59.4	28
140.31	-4.3	59.46875	28
140.32	-4.3	59.46875	28
140.33	-4.3	59.5375	28
140.34	-4.3	59.5375	28
140.35	-4.3	59.675	28
140.36	-4.3	59.675	28
140.37	-4.3	59.675	28
140.38	-4.3	59.675	28
140.39	-4.3	59.74375	28
140.40	-4.3	59.74375	28
140.41	-4.3	59.675	28
140.42	-4.3	59.675	28
140.43	-4.3	59.74375	28
140.44	-4.3	59.74375	28
140.45	-4.3	59.8125	28
140.46	-4.2	59.8125	28
140.47	-4.2	60.01875	28
140.48	-4.1	60.01875	28
140.49	-4.1	60.0875	28
140.50	-4	60.0875	28
140.51	-4	60.15625	29
140.52	-4	60.15625	29
140.53	-4	60.15625	29
140.54	-3.9	60.15625	29
140.55	-3.8	60.15625	29
140.56	-3.7	60.15625	29
140.57	-3.6	60.225	29
140.58	-3.6	60.225	29
140.59	-3.5	60.29375	29
140.60	-3.4	60.29375	29
140.61	-3.4	60.43125	29
140.62	-3.3	60.43125	29
140.63	-3.3	60.56875	29
140.64	-3.3	60.56875	29
140.65	-3.2	60.6375	29
140.66	-3.2	60.6375	29
140.67	-3.2	60.6375	29
140.68	-3.2	60.6375	29
140.69	-3.2	60.6375	29
140.70	-3.2	60.6375	29
140.71	-3.2	60.6375	28
140.72	-3.2	60.6375	28
140.73	-3.2	60.84375	28
140.74	-3.2	60.84375	28
140.75	-3.2	60.9125	28
140.76	-3.2	60.9125	28
140.77	-3.2	60.9125	28
140.78	-3.2	60.9125	28
140.79	-3.2	61.11875	28
140.80	-3.2	61.11875	28
140.81	-3.2	61.05	28
140.82	-3.2	61.05	28
140.83	-3.2	60.98125	28
140.84	-3.2	60.98125	28
140.85	-3.2	61.05	28
140.86	-3.2	61.05	28
140.87	-3.2	61.1875	28
140.88	-3.2	61.1875	28
140.89	-3.2	61.4625	28
140.90	-3.1	61.4625	28
140.91	-3.1	61.53125	28
140.92	-3	61.53125	28
140.93	-3	61.4625	28
140.94	-3	61.4625	28
140.95	-3	61.4625	28
140.96	-2.9	61.4625	28
140.97	-2.9	61.53125	28
140.98	-2.9	61.53125	28
140.99	-2.9	61.6	28
